ID_Number,Canonical_Smiles,Name,Scaffolds,Scaffold_Types,N (eV),HOMO (eV),LUMO (eV),Gap (eV),Omega,dqG,Bmin,Bmax,L,PMI_X,PMI_Y,PMI_Z
000000004897720,CCCCn1ccnc1,Het00075,imidazoles-NR,azoles,1.45,-7.68,1.55,9.23,0.018667058,66.20017147,1.71,7.91,5.1,15.11284,119.059,132.05374
000000018461035,CC(=O)c1ocnc1,Het00029,oxazoles,azoles,0.4,-8.72,-0.79,7.93,0.052357273,52.80948457,1.74,4.66,7.15,17.18341,52.33765,69.00428
000000001762470,Fc1ccc(cc1)c2ocnc2,Het00013,oxazoles,azoles,1.71,-7.41,-0.34,7.07,0.03904039,56.56130411,1.65,6.65,8.4,23.60169,178.26557,201.86727
000000016916940,Brc1ccc(cc1)c2cncs2,Het00043,thiazoles,azoles,1.63,-7.49,-0.88,6.6,0.048712841,55.46247135,1.71,5.4,10.8,29.47762,386.11696,415.59459
000000001040111,Fc1cc(ccc1[C@@H]2CCc3cncn23)C#N,ME00009,imidazoles-NR,azoles,1.54,-7.58,-0.95,6.63,0.050419572,63.96673787,1.78,7.98,5.95,87.74469,306.39359,323.60486
000000002414152,Brc1ccc2ocnc2n1,Het00009,oxazoles,azoles,0.86,-8.26,-0.8,7.46,0.050627018,47.72709283,1.76,3.95,8.9,23.88123,177.92245,201.80369
000000001529459,Brc1ccc(s1)c2ocnc2,Het00018,oxazoles,azoles,1.88,-7.25,-0.75,6.49,0.04527674,54.55603316,1.69,6.35,9.5,25.9646,296.80127,322.76587
000000002485236,c1ccc2scnc2c1,Het00034,thiazoles,azoles,1.19,-7.93,-0.3,7.63,0.040748768,54.3704157,1.72,3.81,7.9,25.38124,61.35279,86.73404
000000002545669,Cc1ccc(cc1)S(=O)(=O)n2cnc3ccccc23,Het00055,imidazoles-Ts,azoles,1.14,-7.99,-0.72,7.27,0.04791372,53.27315171,1.85,9,7.6,80.67705,453.69828,516.73126
000000001183552,Clc1ccc2ocnc2c1,Het00006,oxazoles,azoles,1.02,-8.1,-0.34,7.76,0.042193403,51.18461018,1.69,3.96,8.85,23.69539,116.51127,140.20666
000000002420130,C[Si](C)(C)C#Cc1cncs1,Het00047,thiazoles,azoles,1.23,-7.89,-0.71,7.18,0.047374842,53.792981,2.11,6.02,10.7,39.91357,261.57511,275.81316
000000004034308,o1cnc2ccccc12,Het00001,oxazoles,azoles,1.05,-8.07,-0.09,7.98,0.038346637,53.746357,1.65,3.96,7.6,20.74209,49.4472,70.1893
000000002109918,Fc1cccc2ocnc12,Het00002,oxazoles,azoles,1,-8.12,-0.1,8.02,0.038746483,51.21153036,1.65,3.96,7.6,38.21625,56.11398,94.33024
000000005645033,Clc1ccc(cc1)C(=O)c2ocnc2,Het00030,oxazoles,azoles,0.65,-8.48,-1.35,7.12,0.062334883,51.39777533,1.72,4.68,11.55,47.90437,294.5307,342.43507
000000001142112,Cc1ccc(cc1)S(=O)(=O)n2ccnc2,Het00060,imidazoles-Ts,azoles,0.89,-8.23,-0.72,7.51,0.049014969,56.52371626,1.76,8.98,5.1,69.92793,255.26155,307.71193
000000001796665,Brc1ccc2ncsc2c1,Het00037,thiazoles,azoles,1.19,-7.93,-0.53,7.41,0.044383699,51.78595301,1.77,3.81,9.4,32.50239,206.54829,239.05069
000000002206793,Brc1cccc(CNC(=O)c2ocnc2)n1,Het00033,oxazoles,azoles,0.79,-8.34,-0.32,8.02,0.042922283,53.11771748,1.69,8.1,11.45,53.55906,724.28371,777.31422
000000001453041,c1ccc2[nH]cnc2c1,ME00001,imidazoles-NH,azoles,1.44,-7.68,0.19,7.87,0.032788664,60.16697657,1.65,3.76,7.55,21.15527,49.54074,70.69602
000000001762434,Clc1cccc(c1)n2ccnc2,ME00011,imidazoles-NR,azoles,1.28,-7.84,-0.19,7.65,0.03864469,60.92325162,1.81,7.99,5.1,43.17684,184.66627,227.84312
000000002610804,N#Cc1ccc(Cn2ccnc2)cc1,Het00074,imidazoles-NR,azoles,1.25,-7.87,-0.73,7.14,0.047572291,62.27904973,1.7,9.9,5.1,33.69385,281.66843,314.86952
000000003662424,C=CCn1ccnc1,ME00010,imidazoles-NR,azoles,1.39,-7.73,0.84,8.57,0.025481239,65.00727496,1.75,6.49,5.1,12.08523,69.52059,81.07852
000000005689430,[O-][N+](=O)c1ccc2ocnc2c1,Het00382,oxazoles,azoles,0.51,-8.62,-1.45,7.17,0.064874669,47.20613403,1.65,4,9.25,31.19646,140.91192,172.10839
000000001161595,O=C(N(c1ccccc1)c2ccccc2)n3ccnc3,Het00384,imidazoles-NR,azoles,1.5,-7.62,-0.22,7.4,0.038175927,61.76788008,1.86,9.56,7.05,197.21525,297.94594,495.16119
000000027183160,COc1cc(Br)c2ncoc2c1,Het00383,oxazoles,azoles,1.59,-7.53,-0.15,7.38,0.03670245,52.5068365,1.89,5.06,8.5,112.06722,134.25853,245.79714
000000001030355,c1c[nH]cn1,Het00385,imidazoles-NH,azoles,1.33,-7.79,1.7,9.49,0.017943807,65.50727492,1.65,3.16,5.1,8.72407,9.22356,17.94764
000000026170853,C(Cc1ocnc1)\C=C\c2ccccc2,Het00020,oxazoles,azoles,1.69,-7.43,-0.25,7.18,0.037764035,59.99052076,1.73,11.07,9.75,28.76857,487.43229,515.14298
000000026170800,Cc1ccc(NC(=O)c2cncs2)cc1,Het00051,thiazoles,azoles,1.76,-7.36,-0.88,6.48,0.048109132,52.79505184,1.74,4.75,13.1,39.27163,390.78965,429.54626
000000002391465,Brc1cccc(c1)c2cocn2,Het00017,oxazoles,azoles,1.45,-7.67,-0.35,7.31,0.040421613,55.83194924,1.76,5.61,10.3,50.37648,267.59974,317.97623
000000016916762,Brc1ccc2ncoc2c1,Het00005,oxazoles,azoles,1.2,-7.92,-0.37,7.56,0.041755433,51.05164081,1.72,4.16,8.7,24.82661,177.57172,202.39834
000000001526507,Brc1ccc2ocnc2c1,Het00003,oxazoles,azoles,1.09,-8.03,-0.36,7.67,0.042181941,51.02440688,1.77,3.96,9.05,24.20588,179.30976,203.51564
000000005263414,Fc1ccc(cc1)c2cscn2,Het00044,thiazoles,azoles,1.7,-7.43,-0.39,7.03,0.039899383,56.18178606,1.73,6.45,8.6,25.90774,221.98504,247.89279
000000003062439,o1cncc1c2ccncc2,Het00019,oxazoles,azoles,1.18,-7.94,-0.81,7.12,0.049382429,54.11307385,1.65,6.5,8.35,23.43479,119.37491,142.8097
000000007917039,CC(=O)Nc1cncs1,Het00048,thiazoles,azoles,1.54,-7.58,0.01,7.6,0.034661646,39.84889303,1.73,3.72,8.95,24.03652,103.45064,126.96773
000000002420358,Brc1cnc2ncoc2c1,Het00010,oxazoles,azoles,0.9,-8.22,-0.84,7.38,0.05104304,47.5466837,1.7,3.96,8.75,24.35747,177.17862,201.5361
000000026170778,CCOc1ocnc1,Het00026,oxazoles,azoles,1.55,-7.57,1.29,8.86,0.020433388,59.76649969,1.77,4.74,8.15,11.96664,73.83175,84.73765
000000026170765,FC(F)(F)c1ocnc1,Het00025,oxazoles,azoles,0.07,-9.05,0.2,9.25,0.038833757,50.36627439,1.81,4.48,6.65,27.62043,71.01032,80.03535
000000007957566,CN(C)Cc1cncs1,Het00054,thiazoles,azoles,1.39,-7.73,0.15,7.89,0.033459882,59.84437368,1.81,5.38,8,25.34732,106.80863,120.21485
000000026170829,C1CCC(CC1)c2ocnc2,Het00024,oxazoles,azoles,1.25,-7.87,1.15,9.02,0.023008628,59.02710466,2.01,5.47,8.45,28.91145,127.67979,149.13823
000000026170748,CC(C)(C)CC(=O)c1cncs1,Het00050,thiazoles,azoles,0.48,-8.64,-1.1,7.55,0.057756095,54.57887452,1.72,4.63,9.65,41.3943,201.24773,223.54132
000000026170842,Cc1ccc2ocnc2n1,Het00008,oxazoles,azoles,1,-8.12,-0.51,7.61,0.044868391,51.33276529,1.83,3.95,8.65,22.96215,77.81395,100.2605
000000026170835,CCC(CC)NC(=O)c1cncs1,Het00053,thiazoles,azoles,0.75,-8.37,-0.61,7.75,0.04780461,55.74554111,2.42,4.67,10.05,48.90079,263.54974,277.13781
000000022528927,Cc1ccc(cc1)S(=O)(=O)n2cnc(c3ccccc3)c2c4ccccc4,Het00072,imidazoles-Ts,azoles,1.95,-7.17,-0.76,6.41,0.045065523,54.48098296,2.53,5.89,8.6,248.83438,814.72364,1045.52205
000000026170751,Cn1ccc2c1ccc3scnc23,Het00038,thiazoles,azoles,2.2,-6.92,-0.28,6.64,0.03586694,57.47157012,1.88,5.41,9.55,43.61793,162.84744,205.95907
000000016916650,Brc1cccc2ncsc12,Het00036,thiazoles,azoles,1.2,-7.92,-0.55,7.37,0.044675895,52.03890229,1.72,4.76,7.9,59.04349,120.27636,179.31985
000000026170755,Cc1ccc(cc1)S(=O)(=O)n2cnc(c2)C(C)(C)C,Het00066,imidazoles-Ts,azoles,1.17,-7.95,-0.68,7.27,0.047030114,57.74121116,2.88,9,7.6,93.05833,534.47859,591.66584
000000026170744,Cc1ccc(cc1)S(=O)(=O)n2cnc(c2)c3cccc4ccccc34,Het00068,imidazoles-Ts,azoles,2.06,-7.06,-0.78,6.28,0.045042969,55.50062396,2.53,9,8.75,135.49446,939.94006,1057.61333
000000026170766,CN(C(=O)c1cn(cn1)S(=O)(=O)c2ccc(C)cc2)c3ccccc3,Het00070,imidazoles-Ts,azoles,1.4,-7.72,-0.79,6.92,0.048084075,56.52227299,3.81,8.95,7.4,249.3955,838.93931,1070.20809
000000026170764,Cc1ccc(cc1)S(=O)(=O)n2cnc(c2)c3ccc(cc3)C(C)(C)C,Het00061,imidazoles-Ts,azoles,1.91,-7.21,-0.76,6.45,0.045164648,55.81889703,2.68,8.92,10.95,107.99083,1307.58013,1379.5112
000000026170745,CN1C(=O)N(C)c2c(ncn2S(=O)(=O)c3ccc(C)cc3)C1=O,Het00073,imidazoles-Ts,azoles,1.54,-7.58,-1.02,6.57,0.051721592,49.50771521,1.92,5.14,8.5,127.57951,682.93386,791.7393
000000026170798,COc1ccc(cc1)c2cn(cn2)S(=O)(=O)c3ccc(C)cc3,Het00062,imidazoles-Ts,azoles,2.19,-6.94,-0.74,6.19,0.043702448,55.95989853,2.11,8.95,10.55,220.24706,744.37332,946.54452
000000026170863,C1COC(C1)c2ocnc2,Het00021,oxazoles,azoles,1.13,-7.99,0.99,8.98,0.025048939,59.82291284,1.74,5.48,8.1,21.81169,100.92158,118.14745
000000003689786,o1cncc1c2ccccc2,Het00011,oxazoles,azoles,1.69,-7.43,-0.39,7.04,0.039937038,57.47439391,1.65,6.5,8.4,23.59782,119.08802,142.68584
000000026170844,CCCCc1ocnc1,Het00022,oxazoles,azoles,1.16,-7.96,1.06,9.02,0.024223633,60.67977774,1.73,7.4,6.95,15.15092,119.57711,132.60887
000000026170791,COCCOCc1ocnc1,Het00027,oxazoles,azoles,0.87,-8.25,0.85,9.1,0.027709155,59.64438624,1.72,8.81,6.9,16.97423,260.70794,275.56455
000000026170785,O=C(OCc1ccccc1)c2ocnc2,Het00031,oxazoles,azoles,0.64,-8.48,-0.48,7.99,0.04614752,52.68473558,2.25,4.7,12.05,44.77624,345.31659,389.56321
000000001918577,Brc1cnc2ncsc2c1,Het00040,thiazoles,azoles,0.87,-8.25,-0.91,7.34,0.052605492,40.67915151,1.78,3.31,9.35,32.026,206.14046,238.16647
000000026170830,Cc1ccc(cc1)S(=O)(=O)n2cnc3c(C)cncc23,Het00059,imidazoles-Ts,azoles,1.06,-8.06,-0.85,7.21,0.050579032,50.17005201,2.08,9.02,7.55,94.85829,517.31893,594.01365
000000026170808,CC(C)(C)c1ocnc1,Het00023,oxazoles,azoles,1.13,-7.99,1.08,9.07,0.024187393,60.74968236,2,5.08,7.2,27.29197,67.14449,76.15633
000000022519970,Cc1ccc(cc1)S(=O)(=O)n2cnc3cc(C)c(C)cc23,Het00056,imidazoles-Ts,azoles,1.51,-7.61,-0.68,6.93,0.045560775,54.86834488,2.03,8.94,8.6,93.92172,611.34874,686.50348
000000026170825,Cc1ccc(cc1)S(=O)(=O)n2cnc3CCCCc23,Het00067,imidazoles-Ts,azoles,1.57,-7.55,-0.64,6.91,0.044622772,60.02930088,2.4,9.09,7.65,84.39107,472.55401,535.45383
000000005645964,Brc1cccc2ncoc12,Het00007,oxazoles,azoles,1.03,-8.09,-0.35,7.73,0.042309674,50.71153039,1.7,5.5,7.6,46.97044,113.96408,160.93452
000000026170757,Cc1ccc(cc1)S(=O)(=O)n2cnc3c(Br)cc(cc23)C(F)(F)F,Het00057,imidazoles-Ts,azoles,0.95,-8.17,-0.96,7.2,0.053167933,48.1140155,2.31,8.98,9.05,291.40086,930.64448,1185.66271
000000026170804,Cc1ccc(cc1)S(=O)(=O)n2cnc3c(Br)cncc23,Het00058,imidazoles-Ts,azoles,0.97,-8.15,-0.97,7.18,0.053210079,47.19979618,2.06,9,7.6,128.36622,782.54146,893.24858
000000009378843,Clc1ccc(c(Br)c1)c2ocnc2,Het00014,oxazoles,azoles,1.59,-7.53,-0.8,6.73,0.047370127,55.29988351,1.68,6.75,9.15,94.82202,240.92122,335.74325
000000026170811,Cc1ccc(cc1)S(=O)(=O)n2cnc(c2)c3ccccc3,Het00063,imidazoles-Ts,azoles,1.74,-7.38,-0.78,6.6,0.046288744,55.31343773,1.94,8.93,8.8,89.55691,729.29526,801.15452
000000026170767,CC1(C)CCc2ncsc2C1,Het00049,thiazoles,azoles,1.41,-7.71,0.31,8.02,0.031340621,60.87819641,2.34,3.78,9.1,42.13714,115.7954,138.25467
000000026170815,c1cnc2ncsc2c1,Het00039,thiazoles,azoles,0.79,-8.34,-0.65,7.68,0.048307911,43.40405094,1.71,3.31,7.85,24.9311,61.21898,86.15008
000000026170839,Cc1ccc(cc1)S(=O)(=O)n2cnc(c2)c3ccc(cc3)C(F)(F)F,Het00065,imidazoles-Ts,azoles,1.48,-7.64,-0.87,6.77,0.049131298,53.42218534,2.46,8.95,10.3,108.33852,1401.00525,1472.95492
000000026170786,Cc1ccc(cc1)S(=O)(=O)n2cnc(c2)c3ccc(F)cc3,Het00064,imidazoles-Ts,azoles,1.77,-7.35,-0.79,6.56,0.046307186,54.77208485,2.01,8.94,9,89.63728,911.16138,983.06315
000000026170867,FC(F)(F)Oc1ccc(cc1)c2cncs2,Het00042,thiazoles,azoles,1.62,-7.5,-0.77,6.73,0.046656757,55.06149246,1.81,6.46,11.6,50.93949,463.63347,495.61113
000000018461264,Fc1ccc2ocnc2c1,Het00004,oxazoles,azoles,0.99,-8.13,-0.29,7.84,0.041509199,51.94722308,1.65,3.96,8.2,22.96148,82.95705,105.91854
000000002860889,Brc1ccc(cc1)c2ocnc2,Het00015,oxazoles,azoles,1.69,-7.43,-0.61,6.82,0.043556801,55.59644474,1.68,7.41,8.8,23.6077,342.00807,365.61577
000000026170851,O=C(NCc1ccccn1)c2ocnc2,Het00032,oxazoles,azoles,0.87,-8.26,-0.2,8.05,0.04077275,56.18862592,1.72,5,12.15,46.97551,343.48059,389.93128
000000001197542,Clc1cccc(c1)c2ocnc2,Het00012,oxazoles,azoles,1.53,-7.59,-0.6,6.99,0.044145827,56.15436388,1.66,6.5,9.7,43.03533,187.90463,230.93996
000000026170877,CC(C)C\C=C\c1ocnc1,Het00028,oxazoles,azoles,1.79,-7.33,-0.08,7.25,0.034704293,58.99899221,1.73,6.56,9.75,22.76998,206.74896,222.90779
000000006031629,Cc1ccc(cc1)c2ocnc2,Het00016,oxazoles,azoles,1.86,-7.26,-0.3,6.96,0.037767723,58.17444407,1.69,7.14,8.9,24.13899,169.32279,192.94677
000000004022859,Brc1ccc(cc1)c2cscn2,Het00046,thiazoles,azoles,1.68,-7.44,-0.57,6.86,0.042963728,55.52346532,1.78,7.21,9,25.96752,418.31874,444.28626
000000026170809,Cc1ccc(cc1)S(=O)(=O)n2cnc(c2)c3ccncc3,Het00069,imidazoles-Ts,azoles,1.27,-7.85,-0.88,6.97,0.05029769,53.08659299,1.93,8.93,8.8,89.40441,733.67517,805.38212
000000006169119,Brc1ccc2scnc2c1,Het00035,thiazoles,azoles,1.23,-7.89,-0.53,7.36,0.044282927,51.9359279,1.78,4.26,8.75,27.32224,219.82834,247.15058
000000003675047,COc1ccc(cc1)c2cncs2,Het00041,thiazoles,azoles,2.08,-7.04,-0.51,6.53,0.040189005,58.33753392,1.71,6.05,10.9,32.75985,252.73598,284.96722
000000005643466,Cc1scnc1c2ccc(Br)cc2,Het00045,thiazoles,azoles,1.71,-7.41,-0.36,7.05,0.039348146,57.81042552,1.97,7.31,8.95,39.5836,436.60225,475.68459
000000026170843,O=C(NCC1CCCO1)c2cncs2,Het00052,thiazoles,azoles,0.82,-8.3,-0.67,7.64,0.048421714,55.91735335,1.86,5.91,11.5,58.05364,316.4689,352.84324
000000026170874,COC(=O)c1cn(cn1)S(=O)(=O)c2ccc(C)cc2,Het00071,imidazoles-Ts,azoles,0.66,-8.47,-0.86,7.6,0.052532537,53.33464769,2.11,9,7,163.63139,424.34223,569.91396
000000001124356,CC(C)(OC(=O)n1ccnc1)C(F)(F)F,ME00003,imidazoles-NR,azoles,0.86,-8.26,-0.08,8.18,0.039044283,59.6169013,1.84,8.2,5.35,63.79482,280.4732,307.52741
000000001155566,Brc1ccc(Cn2ccnc2)cc1,ME00012,imidazoles-NR,azoles,1.33,-7.79,0.08,7.87,0.034728089,63.77126851,1.72,9.51,5.1,35.57862,422.90507,457.99108
000000001452292,Cn1cnc2ccccc12,ME00005,imidazoles-NR,azoles,1.52,-7.6,0.18,7.78,0.032496438,60.49089723,1.76,4.27,7.55,30.70787,63.38053,93.58239
000000002528367,CC(=O)n1ccnc1,ME00014,imidazoles-NR,azoles,0.95,-8.17,-0.29,7.88,0.041690329,63.53005366,1.71,5.45,5.1,17.16651,51.83223,68.48184
000000004732229,CC(C)(C)OC(=O)n1cnc2c(Cl)ncnc12,ME00004,imidazoles-NR,azoles,0.48,-8.64,-0.88,7.77,0.053589095,51.19885466,2.28,7.75,7.35,69.09385,439.19309,489.66546
000000005708625,CC(C)Cn1cnc2c(Cl)nc3ccccc3c12,ME00006,imidazoles-NR,azoles,1.47,-7.65,-0.62,7.04,0.044680641,56.21937391,1.76,6.66,8.9,167.18093,287.20207,442.98318
000000015884514,CC(C)(C)OC(=O)n1ccnc1,ME00002,imidazoles-NR,azoles,0.99,-8.13,0.15,8.28,0.035276366,62.53871337,1.83,7.65,5.1,36.06896,170.64675,188.09467
000000003661559,Brc1ccc(cc1)C2NCCc3[nH]cnc23,Het00085,imidazoles-NH,azoles,1.81,-7.31,0.39,7.7,0.028609674,66.55465186,2.48,9.11,7.55,77.1508,508.16882,543.26571
000000002531419,Cc1cc2nc[nH]c2cc1C,Het00084,imidazoles-NH,azoles,1.81,-7.31,0.35,7.66,0.029097521,61.72583691,1.95,3.81,8.55,32.53506,96.87498,128.37847
000000003675202,o1cnc(c1)c2ccccc2,Het00083,oxazoles,azoles,1.61,-7.51,-0.11,7.4,0.036085586,57.18868861,1.65,5.61,8.85,23.32571,121.43489,144.7606
000000001457924,Clc1ncc2[nH]cnc2n1,Het00089,imidazoles-NH,azoles,0.65,-8.47,-0.86,7.61,0.052509597,50.03294108,1.68,3.65,8.6,23.35193,114.77084,138.12277
000000005644629,Clc1ccc(cc1)C(=O)c2cocn2,Het00081,oxazoles,azoles,0.74,-8.38,-1.31,7.08,0.060915632,52.22953983,1.69,8.8,8.25,46.62887,307.99799,354.62687
000000001888298,CC(=O)c1cscn1,Het00079,thiazoles,azoles,0.56,-8.57,-0.79,7.77,0.051738473,53.69301865,1.83,4.91,6.9,19.21101,70.34808,89.04242
000000018461144,CC(=O)c1cocn1,Het00082,oxazoles,azoles,0.48,-8.64,-0.49,8.15,0.046991073,53.25834247,1.75,4.36,7,16.92682,53.71082,70.12098
000000026170758,FC(F)(F)c1cscn1,Het00077,thiazoles,azoles,0.19,-8.93,-0.31,8.62,0.045496882,51.76555894,2.06,4.31,6.85,29.77674,94.06783,105.24353
000000005644539,Clc1ccc(cc1)C(=O)c2cscn2,Het00078,thiazoles,azoles,0.68,-8.44,-1.14,7.3,0.057848292,38.05333592,1.91,4.47,11.5,56.15779,353.36149,409.51929
000000001134660,FC(F)(F)c1cnc[nH]1,Het00086,imidazoles-NH,azoles,0.71,-8.41,0.92,9.33,0.027625947,57.8938216,1.84,4.26,6.85,28.04282,71.06639,80.5083
000000006273218,CCOC(=O)\C=C\c1cocn1,Het00080,oxazoles,azoles,1.16,-7.96,-0.77,7.19,0.04868722,54.09688409,1.72,8.55,8.4,22.18719,272.16218,293.28869
000000004030699,c1ccc(nc1)c2cnc[nH]2,Het00087,imidazoles-NH,azoles,1.83,-7.29,-0.37,6.92,0.038930969,63.13792267,1.65,6.15,8.6,23.63753,118.67554,142.31308
000000002421435,CC(=O)c1c[nH]cn1,Het00088,imidazoles-NH,azoles,1.08,-8.04,-0.07,7.97,0.037916724,60.39557846,1.73,4.6,6.95,17.13668,53.87473,70.49475
000000026170833,CCOC(=O)c1c(C)ncn1S(=O)(=O)c2ccc(C)cc2,Het00106,imidazoles-Ts,azoles,0.98,-8.14,-0.78,7.35,0.049692763,52.42049112,2.25,7.21,6.9,115.26874,589.22402,685.20124
000000026170838,Cc1ccc(cc1)S(=O)(=O)n2cnc3cc(F)c(F)cc23,Het00100,imidazoles-Ts,azoles,1.1,-8.02,-0.81,7.21,0.049664807,50.68442196,1.85,8.94,8.15,94.77544,643.12856,720.15721
000000026170806,Cc1ccc(cc1)S(=O)(=O)n2cnc3c(OCc4ccccc4)nccc23,Het00105,imidazoles-Ts,azoles,1.43,-7.7,-0.81,6.89,0.048251226,51.04134964,2.1,9.6,8.65,174.80116,1353.78767,1510.34211
000000026170752,CCCCc1ccc(cc1)c2cn(cn2)S(=O)(=O)c3ccc(C)cc3,Het00109,imidazoles-Ts,azoles,1.93,-7.19,-0.76,6.44,0.045117029,55.75344774,3.18,9.01,11.7,280.22591,1012.64167,1273.15876
000000026170813,Cc1ccc(cc1)S(=O)(=O)n2cnc3C(=O)CC(C)(C)Cc23,Het00108,imidazoles-Ts,azoles,0.97,-8.15,-0.82,7.33,0.050476593,54.78250151,2.97,9.02,8.8,126.63384,625.23082,709.0873
000000026170827,CC(=O)c1ccc(cc1)c2cn(cn2)S(=O)(=O)c3ccc(C)cc3,Het00110,imidazoles-Ts,azoles,1.59,-7.53,-1.02,6.51,0.05158253,53.89294334,2.15,8.94,10.85,217.32542,877.41902,1076.67466
000000026170799,Cc1ccc(cc1)S(=O)(=O)n2cnc3c(C)cc(Cl)cc23,Het00102,imidazoles-Ts,azoles,1.37,-7.75,-0.78,6.97,0.047918778,51.816952,2.08,9.04,8.7,131.97786,650.53358,764.25847
000000026170801,Cc1ccc(cc1)S(=O)(=O)n2cnc3c(Br)cccc23,Het00104,imidazoles-Ts,azoles,1.27,-7.85,-0.81,7.05,0.048872352,51.34983356,2.03,8.97,7.6,128.95321,781.14575,892.43979
000000026170749,Cc1ccc(cc1)S(=O)(=O)n2cnc3cc(ccc23)[N+](=O)[O-],Het00101,imidazoles-Ts,azoles,0.67,-8.46,-1.43,7.03,0.063892655,48.07178407,1.85,9,9.3,87.98858,774.07437,844.27446
000000001118173,CC(=O)c1cn(cn1)S(=O)(=O)c2ccc(C)cc2,Het00112,imidazoles-Ts,azoles,0.72,-8.4,-0.88,7.52,0.052689839,53.05948456,2.12,8.92,7,130.59914,377.99972,490.57169
000000026170881,Cc1ccc(cc1)S(=O)(=O)n2cnc(c2)c3c(C)noc3c4ccc(Br)cc4,Het00111,imidazoles-Ts,azoles,1.62,-7.5,-0.91,6.59,0.049400403,53.57059145,2.99,8.87,9.75,501.81832,1128.6682,1611.98074
000000026170814,Cc1ccc(cc1)S(=O)(=O)n2cnc3c(C)cccc23,Het00103,imidazoles-Ts,azoles,1.37,-7.75,-0.71,7.04,0.046716168,54.04536552,2.08,8.91,7.55,95.33837,515.59239,592.76699
000000026170868,Cc1ccc(cc1)S(=O)(=O)n2cnc3C(=O)CCCc23,Het00107,imidazoles-Ts,azoles,0.95,-8.18,-0.82,7.35,0.050601984,55.27189656,2.35,9.02,7.6,97.11638,531.10821,606.39916
000000005649987,CCOC(=O)c1ccn2cnc(I)c2c1,Het 00158,imidazoles-NR,azoles,2.23,-6.9,-1.01,5.88,0.048790567,54.19000657,1.95,6.9,10.2,105.91363,482.14221,586.99469
000000026170794,C1Cc2ncsc2C1,Het 00141,thiazoles,azoles,1.47,-7.66,0.26,7.91,0.03179227,59.7046272,2.11,3.57,7.5,22.91258,50.1491,71.41606
000000026170777,Fc1cccc2ncsc12,Het 00127,thiazoles,azoles,1.19,-7.93,-0.43,7.5,0.042854364,51.37926378,1.73,3.86,7.9,45.25148,64.82149,110.07297
000000002437204,o1cnc(c2ccccc2)c1c3ccccc3,Het 00124,oxazoles,azoles,1.94,-7.18,-0.59,6.59,0.042143995,56.37029007,2.34,6.49,8.6,111.86497,227.54985,339.41482
000000026170803,COc1nc(Cl)cc2c1ncn2S(=O)(=O)c3ccc(C)cc3,Het 00148,imidazoles-Ts,azoles,1.44,-7.68,-0.86,6.82,0.04914789,49.39877947,2.09,8.93,8.75,149.38717,733.13986,864.23586
000000026170753,COc1nc(OC)c2scnc2n1,Het 00133,thiazoles,azoles,1.29,-7.83,-0.72,7.11,0.047294726,50.60937176,1.95,4.81,9.35,75.01461,145.28819,219.24396
000000001556998,[O-][N+](=O)c1ccc(cc1)c2ocnc2,Het 00120,oxazoles,azoles,1.26,-7.86,-1.75,6.11,0.069352195,52.51725317,1.65,7.86,9.4,30.78269,272.79354,303.57624
000000026170862,Clc1cnc(Nc2cccc(c2)c3cncs3)nc1,Het 00139,thiazoles,azoles,2.04,-7.08,-0.71,6.37,0.04372653,57.58439642,1.89,10.95,9.35,63.09627,834.5455,897.64178
000000005850400,Brc1ccc(cc1)n2ccnc2,Het 00153,imidazoles-NR,azoles,1.38,-7.74,-0.21,7.53,0.038553293,61.08314117,1.8,8.61,5.1,23.57417,337.24983,360.824
000000026170780,CO\C=C\c1cncs1,Het 00137,thiazoles,azoles,2.02,-7.1,-0.17,6.93,0.035102419,59.25376127,1.75,3.53,10.05,18.44356,135.15848,153.0723
000000026170810,Cc1ccc(cc1)S(=O)(=O)n2cnc3c(ccnc23)[N+](=O)[O-],Het 00147,imidazoles-Ts,azoles,0.45,-8.68,-1.93,6.75,0.076472762,47.32730621,2.25,9.19,7.6,122.62407,659.21727,764.17041
000000026170768,Cc1ccc(cc1)S(=O)(=O)n2cnc(c2)c3c(noc3C(F)(F)F)c4ccc(F)cc4,Het 00143,imidazoles-Ts,azoles,1.07,-8.05,-0.87,7.17,0.050962727,52.08533803,3.68,9.01,8.35,505.1224,993.34715,1462.01306
000000004009121,[O-][N+](=O)c1ccc2ncoc2c1,Het 00113,oxazoles,azoles,0.42,-8.7,-1.63,7.08,0.069296528,46.97138254,1.65,4.76,9.1,31.7584,139.54858,171.30699
000000018461252,CCOC(=O)c1cncs1,Het 00135,thiazoles,azoles,0.44,-8.68,-0.86,7.82,0.053464762,54.00169082,1.95,3.96,10.15,27.13757,142.31671,168.39258
000000026170775,FC(F)(F)Oc1ccc2ncsc2c1,Het 00128,thiazoles,azoles,1.08,-8.04,-0.39,7.65,0.042643926,51.79379689,2.04,4.14,10.3,45.38056,293.11116,319.53145
000000016918727,Brc1cnccc1c2ocnc2,Het 00122,oxazoles,azoles,1.16,-7.96,-1.05,6.91,0.054028358,53.61037559,1.68,6.4,8.5,90.70738,121.12341,211.83079
000000026170772,COc1ccc2ncoc2c1,Het 00115,oxazoles,azoles,1.76,-7.36,0.13,7.49,0.032123948,54.97044076,1.74,5.06,8.5,24.04355,117.88524,141.40019
000000001415466,Clc1ccccc1C(c2ccccc2)(c3ccccc3)n4ccnc4,Het 00154,imidazoles-NR,azoles,1.53,-7.59,-0.23,7.36,0.038161349,66.7168632,2.34,7.45,6.15,368.66445,384.02146,406.43731
000000026170854,CC(=O)c1ccc(cc1)c2ocnc2,Het 00121,oxazoles,azoles,1.52,-7.6,-1.21,6.39,0.055844948,54.37254923,1.69,7.96,9.9,31.87081,269.75019,301.10422
000000005644052,Clc1cccc(c1)C(=O)c2cncs2,Het 00136,thiazoles,azoles,0.69,-8.43,-1.47,6.96,0.064750958,52.61702725,1.85,5.36,10.45,51.82474,335.22645,387.0512
000000005875490,CCOC(=O)c1cn(cn1)c2ccc(OC)c(c2)C(F)(F)F,Het 00156,imidazoles-NR,azoles,1.36,-7.76,-0.37,7.39,0.041133154,58.12167048,2.35,8.84,7,136.85545,819.14696,935.81676
000000002420196,CON(C)C(=O)c1ocnc1,Het 00117,oxazoles,azoles,0.71,-8.41,-0.24,8.17,0.042078893,55.12079216,1.75,5,8.05,30.7312,132.14748,161.83576
000000002420813,COC(=O)c1cnc2c(c1)ncn2C,Het 00157,imidazoles-NR,azoles,1.02,-8.1,-0.61,7.49,0.04658941,55.73801099,1.95,4.95,9.9,39.16856,237.66419,275.79711
000000002126221,FC(F)(F)[C@@H]1CC[C@@H](Cn2cnc3nc(Cl)nc(Cl)c23)CC1,Het 00161,imidazoles-NR,azoles,0.69,-8.44,-1.05,7.39,0.055902588,47.73343068,1.77,9.66,8.6,148.50965,800.87781,896.63747
000000026170824,CCOC(=O)c1ncoc1c2cc3CCCc3s2,Het 00125,oxazoles,azoles,2.06,-7.07,-0.9,6.17,0.04722301,53.41446696,2.08,7.65,8.85,128.32343,345.08461,470.70161
000000001888882,Cc1cc(Nc2nccc(n2)C(F)(F)F)cc(c1)c3cncs3,Het 00138,thiazoles,azoles,1.93,-7.19,-0.83,6.36,0.046478473,57.35993609,1.88,6.36,13.8,139.45422,1048.05087,1168.39
000000026170845,CCC(=O)c1ocnc1,Het 00118,oxazoles,azoles,0.43,-8.69,-0.76,7.93,0.051709498,52.29536563,1.69,4.68,8,18.66386,82.95101,100.55526
000000026170819,CCOC(=O)c1scnc1c2ccccc2,Het 00140,thiazoles,azoles,1.34,-7.79,-1.08,6.7,0.053860338,53.9312842,2.3,6.56,8.1,126.34855,225.4005,350.68795
000000026170875,Cc1ccc(cc1)S(=O)(=O)n2cnc(c2)c3c(C)onc3c4ccc(F)cc4,Het 00142,imidazoles-Ts,azoles,1.5,-7.62,-0.81,6.81,0.04791076,54.31017474,3,8.99,9.15,307.64475,890.44149,1179.71782
000000026170797,Cc1ccc(cc1)S(=O)(=O)n2cnc(c2)c3c(C)onc3C4CCCCC4,Het 00144,imidazoles-Ts,azoles,1.69,-7.43,-0.8,6.63,0.046934846,54.69345785,2.29,8.88,10.6,259.12899,957.39739,1164.59437
000000001865144,FC(F)(F)c1cccc(c1)c2ocnc2,Het 00119,oxazoles,azoles,1.47,-7.65,-0.7,6.95,0.046081235,55.46479314,1.81,6.5,9.75,65.4319,264.12902,310.96403
000000023758385,Fc1c(Br)ccc2ncsc12,Het 00131,thiazoles,azoles,1.13,-7.99,-0.63,7.36,0.046354124,49.06864646,1.77,3.86,9.35,45.53464,207.00117,252.53581
000000007891142,Clc1cc(Br)cc2cncn12,Het 00159,imidazoles-NR,azoles,2.08,-7.04,-0.73,6.32,0.043908173,57.64080956,1.68,6.35,6.8,71.57949,200.4674,272.0469
000000001925085,C[C@@H]1CC[C@@H](Cn2cnc3cc(Cl)nc(Cl)c23)CC1,Het 00160,imidazoles-NR,azoles,1.25,-7.87,-0.58,7.29,0.045026678,52.30471553,1.77,9.05,8.8,109.51684,595.24025,670.15172
000000002406113,[O-][N+](=O)c1ccc2ncsc2c1,Het 00132,thiazoles,azoles,0.71,-8.41,-1.69,6.73,0.069650668,48.32140755,1.72,3.81,9.5,39.07081,161.07717,200.14799
000000005485769,Clc1ccc2ncsc2c1,Het 00126,thiazoles,azoles,1.14,-7.98,-0.49,7.49,0.04403168,51.99296856,1.73,3.81,9.15,31.38335,133.89986,165.28321
000000006984688,CCOC(=O)c1ocnc1C,Het 00123,oxazoles,azoles,0.7,-8.42,-0.3,8.12,0.04295366,54.46554621,1.95,7.5,6.7,35.09457,134.35489,167.88222
000000026170876,Cc1ccc(cc1)S(=O)(=O)n2cnc3nc(Br)cnc23,Het 00152,imidazoles-Ts,azoles,0.76,-8.36,-1.3,7.06,0.060659245,46.69973346,2.03,9.05,8.85,80.11215,948.51115,1010.80759
000000026170805,COC(=O)[C@@H](Cc1cn(cn1)S(=O)(=O)c2ccc(C)cc2)NC(=O)OC(C)(C)C,Het 00146,imidazoles-Ts,azoles,1.21,-7.92,-0.67,7.25,0.046716606,57.20870618,4.36,8.57,8.6,374.99166,1107.82071,1332.61977
000000026170828,Cc1ccc(cc1)S(=O)(=O)n2cnc3c(Cl)nccc23,Het 00150,imidazoles-Ts,azoles,0.92,-8.21,-0.92,7.29,0.052447345,47.78375698,1.98,9.02,7.5,109.91727,606.41835,698.6803
000000005645772,FC(F)(F)C(=O)NCc1cccc2ncoc12,Het 00114,oxazoles,azoles,0.98,-8.14,-0.2,7.94,0.040230364,50.35052389,1.75,8.31,7.6,71.46894,435.5546,487.87362
000000026170870,Cc1ccc(cc1)S(=O)(=O)n2cnc3c(NC(=O)c4ccccc4)ncnc23,Het 00151,imidazoles-Ts,azoles,1.01,-8.11,-0.96,7.14,0.052924314,49.17457015,2.63,9.72,8.2,190.51382,1410.51116,1583.28974
000000021610088,Fc1ccc(Br)c(n1)n2ccnc2,Het 00155,imidazoles-NR,azoles,1.16,-7.96,-0.76,7.2,0.048606246,61.71648701,1.9,6.9,5.1,106.75054,162.39634,269.14688
000000026170756,Cc1ccc(cc1)S(=O)(=O)n2cnc3c(F)cnc(F)c23,Het 00149,imidazoles-Ts,azoles,0.83,-8.3,-0.89,7.41,0.052264165,46.82887501,1.97,9.14,7.6,117.51904,542.11857,641.9751
000000026170872,Cc1ccc(cc1)S(=O)(=O)n2cnc(CC\C=C/CCC3CCCCC3)c2,Het 00145,imidazoles-Ts,azoles,1.31,-7.82,-0.69,7.13,0.046570278,57.18536281,3.59,9.03,11.9,324.58366,1508.10887,1779.29126
000000006273520,FC(F)(F)C(F)(F)CCc1nc(cc2ncnn12)C#N,Het 00219,"1,2,4-triazole-pyrimidines",other heterocycles,0.36,-8.76,-1.52,7.25,0.067036588,55.92789552,1.75,8.81,9.35,156.82057,501.36494,619.79524
000000026170850,Cc1ccc(cc1)S(=O)(=O)n2nccc2C(F)(F)F,Het 00279,pyrazoles-Ts,other heterocycles,0.45,-8.67,-0.85,7.82,0.053347735,60.68266429,2.44,8.67,6.95,99.48997,420.50605,483.65382
000000026170832,Cc1ccc(cc1)S(=O)(=O)n2ncc3cc(c(C)cc23)[N+](=O)[O-],Het 00353,indazoles-Ts,other heterocycles,0.95,-8.17,-1.35,6.82,0.060976427,55.35014706,2.12,8.74,7.5,103.96399,799.55234,885.15053
000000001402736,[O-][N+](=O)c1ccc(cc1)c2oncc2,Het 00181,isoxazoles,other heterocycles,0.85,-8.27,-1.86,6.41,0.073448892,-7.159575345,1.65,5.21,10.95,30.76986,272.7926,303.56246
000000007202974,FC(F)(F)c1ccc2cn[nH]c2c1,Het 00319,indazoles-NH,other heterocycles,1.29,-7.83,-0.48,7.35,0.04308852,66.0515771,1.74,5.98,8.1,43.77252,177.9769,203.1518
000000001912693,CC(=O)Cn1ncc2ccc(F)cc12,Het 00250,indazoles-NR,other heterocycles,1.53,-7.59,-0.28,7.31,0.038924568,41.38196271,2.09,6.19,7.55,57.21114,218.11392,274.30367
000000002413096,Clc1ccc(Br)c2[nH]ncc12,Het 00297,indazoles-NH,other heterocycles,1.49,-7.63,-0.62,7.01,0.044645867,64.22840954,1.74,5.45,7.95,56.9399,203.21907,260.15897
000000002030207,C1CCC(OC1)n2nccc2c3ccc4cn[nH]c4c3,Het 00302,indazoles-NH,other heterocycles,1.67,-7.45,-0.43,7.02,0.04068448,75.37091636,3.03,5.7,4.7,164.90166,293.87924,445.93361
000000026170795,Cc1ccc(cc1)S(=O)(=O)n2ncc3c(Br)cc(cc23)C(F)(F)F,Het 00365,indazoles-Ts,other heterocycles,1,-8.12,-1.07,7.05,0.05502704,55.92205967,2.32,8.79,8.05,294.8517,908.86275,1167.27722
000000026170857,CCOC(=O)c1ccn(n1)S(=O)(=O)c2ccc(C)cc2,Het 00278,pyrazoles-Ts,other heterocycles,0.48,-8.64,-0.81,7.83,0.052349093,54.53595283,2.14,9.13,10,95.82944,712.90392,790.03574
000000002415226,C1Cc2cn[nH]c2CCN1,Het 00299,pyrazoles-NH,other heterocycles,1.54,-7.58,1.57,9.15,0.018105554,77.56262054,1.77,5.61,6.8,33.92698,71.48134,98.56012
000000026170837,Cc1ccc(cc1)S(=O)(=O)n2cnc(n2)c3ccc(Br)cc3,Het 00222,"1,2,4-triazoles-Ts",other heterocycles,1.27,-7.85,-0.92,6.93,0.050995715,48.06299893,2.2,8.88,10.1,88.97424,1462.49388,1533.63284
000000026170781,Cc1ccc(cc1)S(=O)(=O)n2cnc(CN3CCCNCC3)n2,Het 00223,"1,2,4-triazoles-Ts",other heterocycles,1.62,-7.5,-0.78,6.72,0.046847639,49.96510724,2.19,8.9,7.9,180.72716,740.90911,866.41015
000000011156684,FC(F)(F)c1ccc2[nH]ncc2c1Br,Het 00323,indazoles-NH,other heterocycles,1.24,-7.88,-0.75,7.13,0.047904333,64.71887136,1.72,6.84,6.5,108.49803,183.26002,273.16043
000000026170880,CN1CCN(CC1)c2ccc(cc2)c3ccnn3S(=O)(=O)c4ccc(C)cc4,Het 00288,pyrazoles-Ts,other heterocycles,2.43,-6.69,-0.56,6.13,0.03938856,67.29586668,3.19,8.98,13.6,208.37829,1281.11801,1461.85707
000000001889691,CCOC(=O)c1ccnn1c2ccc(OC)cc2,Het 00267,pyrazoles-NR,other heterocycles,1.75,-7.37,-0.39,6.98,0.039596297,70.20600705,2.44,7.19,9.45,120.15499,356.77956,475.34513
000000005875640,Cc1onc(c2ccc(Br)cc2)c1c3ccn[nH]3,Het 00346,pyrazoles-NH,other heterocycles,1.26,-7.86,-0.49,7.38,0.043418835,72.97985226,2.33,9.47,8.15,129.31662,567.59618,696.40246
000000026170774,Cc1ccc(cc1)S(=O)(=O)n2cnc(n2)c3cccc(Br)c3,Het 00230,"1,2,4-triazoles-Ts",other heterocycles,1.1,-8.02,-0.93,7.1,0.051870677,48.4184206,2.25,8.86,8.85,129.50984,1216.88182,1328.43036
000000005641874,FC(F)(F)c1cc(Br)c2cn[nH]c2c1,Het 00315,indazoles-NH,other heterocycles,1.24,-7.88,-0.74,7.14,0.047785458,64.70086182,1.75,5.98,8.1,123.47403,240.40419,345.28219
000000001455465,BrCc1ccc(cc1)c2csnn2,Het 00238,"1,2,3-triazoles",other heterocycles,1.36,-7.76,-0.98,6.78,0.051763211,43.52026579,1.79,9.48,5,39.69196,486.14887,525.31156
000000026170770,Cc1ccc(cc1)S(=O)(=O)n2ncc3c(Br)c(ccc23)C(F)(F)F,Het 00374,indazoles-Ts,other heterocycles,1.01,-8.11,-0.99,7.12,0.053461872,56.06575946,2.37,8.76,7,177.30415,1065.96369,1206.82082
000000002029626,Clc1cc(ccn1)n2ncc3ccc(Br)cc23,Het 00244,indazoles-NR,other heterocycles,1.34,-7.78,-0.84,6.94,0.04911464,59.11520706,2.14,7.51,8.2,126.26164,555.33011,681.59175
000000007093521,N#Cc1ccc(s1)c2ccon2,Het 00186,isoxazoles,other heterocycles,0.96,-8.16,-1.36,6.8,0.061330545,52.42670347,1.75,4.25,11.15,25.73734,196.97964,222.7168
000000026170847,CCOC(=O)CC(CC(=O)OCC)Cc1cc(Cl)c2[nH]ncc2c1CC(=O)OC,Het 00295,indazoles-NH,other heterocycles,1.77,-7.35,-0.33,7.02,0.038584467,67.79072106,1.69,10.77,8.3,511.57521,943.65266,1095.72813
000000002152618,Cc1c(Oc2c(Br)ccc3[nH]ncc23)cc(cc1C#N)C(F)F,Het 00327,indazoles-NH,other heterocycles,1.42,-7.7,-0.78,6.91,0.047802345,63.41867064,1.7,8.77,6.5,273.41331,557.60772,821.00544
000000005641808,Brc1cccc(c1)c2ccon2,Het 00185,isoxazoles,other heterocycles,1.03,-8.09,-0.58,7.51,0.045919755,56.32705463,1.67,6.3,9.35,51.14321,265.51543,316.65865
000000002152588,Cc1cc(cc(C)c1Oc2c(Cl)ccc3[nH]ncc23)C#N,Het 00303,indazoles-NH,other heterocycles,1.71,-7.41,-0.64,6.77,0.043891114,65.74158716,2.08,6.73,6.5,145.48254,551.41393,695.72015
000000005644078,COc1cc2cnoc2cc1Cl,Het 00193,isoxazoles,other heterocycles,1.4,-7.72,-0.63,7.09,0.045171706,-6.085905735,1.67,7.45,7.5,62.24121,134.73453,196.44713
000000007013633,o1cccc1c2ccn[nH]2,Het 00336,pyrazoles-NH,other heterocycles,1.95,-7.18,0.09,7.27,0.031739268,73.15850435,1.65,5,8.85,18.53274,95.71901,114.25176
000000005683688,CCn1ncc(c1C)c2nc3c(Cl)ncnc3n2CC,Het 00273,pyrazoles-NR,other heterocycles,1.67,-7.45,-0.74,6.72,0.045898722,69.47564816,1.85,6.48,12.6,143.51346,494.56303,631.35119
000000026170831,Cc1ccc(cc1)S(=O)(=O)n2ncc3cc(c(F)cc23)[N+](=O)[O-],Het 00356,indazoles-Ts,other heterocycles,0.75,-8.37,-1.52,6.85,0.065621111,53.03990624,2.11,8.71,7,105.43512,808.66829,896.25131
000000002420496,FC(F)(F)c1ccnn1c2cccc(Cl)n2,Het 00258,pyrazoles-NR,other heterocycles,0.99,-8.13,-0.78,7.35,0.049690572,63.67513398,2.35,6.3,9.6,114.4421,213.32269,309.16292
000000001894312,Brc1ccc(cc1)n2cncn2,Het 00204,"1,2,4-triazoles-NR",other heterocycles,1.2,-7.92,-0.42,7.5,0.042687178,52.25526774,1.73,8.75,5.1,23.15228,338.66228,361.81457
000000005591237,CCOC(=O)c1cnn(c2cccc(Cl)n2)c1C(F)(F)F,Het 00271,pyrazoles-NR,other heterocycles,0.74,-8.39,-1.03,7.35,0.055416219,60.83897703,2.45,6.17,9.25,128.78224,597.00613,706.11716
000000018461325,Brc1ccc(cc1)c2ccns2,Het 00200,isothiazoles,other heterocycles,1.37,-7.75,-1.07,6.68,0.053394385,22.34412508,1.77,6.4,9.95,29.52406,386.26752,415.79158
000000002413444,Brc1ccn2ncnc2n1,Het 00217,"1,2,4-triazole-pyrimidines",other heterocycles,0.38,-8.74,-1.15,7.6,0.059207283,60.82215976,1.74,3.61,8.8,23.73982,175.3201,199.05992
000000002414303,CON(C)C(=O)c1cccc(c1)n2cncn2,Het 00203,"1,2,4-triazoles-NR",other heterocycles,1.04,-8.08,-0.51,7.57,0.044760555,52.99278024,1.73,8.98,6.6,61.68145,421.36916,482.00622
000000001821632,Cc1cccc2cn[nH]c12,Het 00314,indazoles-NH,other heterocycles,1.77,-7.35,0.01,7.36,0.03355425,70.11282182,1.94,5.41,7.7,38.30862,53.79951,91.59511
000000001889469,CCOC(=O)c1ccnn1c2cccc(c2)C(F)(F)F,Het 00260,pyrazoles-NR,other heterocycles,0.92,-8.2,-0.69,7.51,0.048386415,67.64419748,2.4,6.45,9.7,204.84521,302.92825,488.11655
000000002412205,O=C(c1cccnc1)c2ocnn2,Het 00168,"1,3,4-oxadiazoles",other heterocycles,0.13,-8.99,-1.84,7.16,0.075302206,43.32561219,1.66,4.76,10.4,40.97177,164.53059,205.50236
000000004153797,Brc1cccc(c1)c2ccn[nH]2,Het 00342,pyrazoles-NH,other heterocycles,1.48,-7.64,-0.5,7.14,0.042560872,72.37838392,1.8,5.3,10.35,51.13631,261.25055,312.38686
000000026170841,Cc1ccc(cc1)S(=O)(=O)n2ncc3c(Oc4c(C)cc(cc4C)C#N)c(Cl)ccc23,Het 00354,indazoles-Ts,other heterocycles,1.47,-7.65,-0.86,6.8,0.049001829,56.79505159,2.84,8.65,6.95,238.89997,1789.23229,2009.31025
000000026170848,CCc1cc(Br)cc2c1cnn2S(=O)(=O)c3ccc(C)cc3,Het 00368,indazoles-Ts,other heterocycles,1.31,-7.81,-0.76,7.06,0.047780736,58.26035019,1.98,8.78,7.55,188.87108,853.00629,1022.96508
000000026170858,Cc1ccc(cc1)S(=O)(=O)n2ncc(c2C)c3ccccc3,Het 00292,pyrazoles-Ts,other heterocycles,1.5,-7.62,-0.66,6.96,0.04518767,65.55935825,2.44,8.77,7,105.06623,722.21348,808.99187
000000026170783,Cc1ccc(cc1)S(=O)(=O)n2nccc2c3cccc(Br)c3,Het 00290,pyrazoles-Ts,other heterocycles,1.17,-7.95,-0.67,7.28,0.046863205,65.2044386,3.46,8.94,9.85,233.76188,617.55581,833.51821
000000026170788,Cc1ccc(cc1)S(=O)(=O)n2ncc3c(Cl)cccc23,Het 00355,indazoles-Ts,other heterocycles,1.26,-7.86,-0.78,7.07,0.048476919,58.68354293,1.97,8.64,7,115.18745,584.49976,681.95765
000000026170834,Cc1ccc(cc1)c2ccnn2S(=O)(=O)c3ccc(C)cc3,Het 00289,pyrazoles-Ts,other heterocycles,1.5,-7.62,-0.6,7.02,0.044147465,66.92645154,2.88,8.92,10.15,130.22952,577.13539,689.09311
000000001891070,CCOC(=O)c1ccn(n1)c2ccc(F)cc2,Het 00257,pyrazoles-NR,other heterocycles,1.32,-7.8,-0.36,7.44,0.041187989,56.37449438,1.95,7.77,10,40.58618,544.58182,584.10708
000000026170856,Cc1ccc(cc1)S(=O)(=O)n2ncc(c2c3ccncc3)[N+](=O)[O-],Het 00275,pyrazoles-Ts,other heterocycles,0.34,-8.78,-1.56,7.22,0.0680433,53.94521492,3.04,8.82,8.6,182.36819,607.07442,771.60454
000000002007734,COCOc1cc(on1)c2cnc(Br)cn2,Het 00189,isoxazoles,other heterocycles,0.88,-8.24,-1.38,6.86,0.061868832,53.69358341,1.94,8.82,4.75,81.80975,710.28089,791.02984
000000026170878,Cc1ccc(cc1)S(=O)(=O)n2nccc2c3ccccc3Cl,Het 00281,pyrazoles-Ts,other heterocycles,1.14,-7.98,-0.64,7.34,0.046570981,63.40022185,3.15,8.88,9.05,134.40595,571.65902,686.79924
000000003346968,Cc1cc(Br)cc2cn[nH]c12,Het 00294,indazoles-NH,other heterocycles,1.71,-7.42,-0.24,7.17,0.037586739,67.57824618,1.94,6.96,7.7,46.76456,187.31151,233.56304
000000002026537,Cn1cnc(c1)c2ccc3cnn(c4cc(Cl)ncn4)c3c2,Het 00245,indazoles-NR,other heterocycles,2.05,-7.08,-0.93,6.14,0.047978737,62.55603264,1.85,5.91,14.3,187.61336,632.47564,819.58106
000000001889596,CCOC(=O)c1ccnn1c2ccccc2F,Het 00266,pyrazoles-NR,other heterocycles,0.88,-8.24,-0.45,7.79,0.044583733,69.49064565,2.8,6.42,7.6,99.3521,285.35177,383.67655
000000026170865,Cc1ccc(cc1)S(=O)(=O)n2ncc3cc(Br)cc(C)c23,Het 00347,indazoles-Ts,other heterocycles,1.47,-7.65,-0.66,6.99,0.045306095,60.21767938,2.6,8.97,7.65,101.32786,937.48152,1020.43864
000000026170762,Cc1ccc(cc1)S(=O)(=O)n2ncc3c(cccc23)C(F)(F)F,Het 00361,indazoles-Ts,other heterocycles,0.95,-8.17,-0.91,7.26,0.05218087,57.83056859,2.36,8.63,7,146.41606,735.94781,846.03651
000000007206331,FC(F)(F)Oc1ccc2[nH]ncc2c1,Het 00308,indazoles-NH,other heterocycles,1.5,-7.62,-0.33,7.3,0.039758783,67.2817477,1.72,8.1,6.5,40.01822,251.43287,272.48925
000000001890989,CCOC(=O)c1ccnn1c2cccc(F)c2,Het 00261,pyrazoles-NR,other heterocycles,1.04,-8.08,-0.61,7.47,0.046405356,68.07485759,2.41,6.43,8.35,134.37991,230.74378,364.06289
000000016917170,Cn1ncc2cccc(Br)c12,Het 00241,indazoles-NR,other heterocycles,1.75,-7.38,-0.35,7.03,0.038949873,73.27748025,1.69,6.59,5.55,64.13501,117.59046,181.21602
000000002413085,Brc1cnc2oncc2c1,Het 00196,isoxazoles,other heterocycles,0.66,-8.46,-1.18,7.28,0.058563456,-15.76863604,1.66,6.81,6.45,24.03186,178.93286,202.96472
000000001378589,Brc1ccc(cc1)c2ccn[nH]2,Het 00331,pyrazoles-NH,other heterocycles,1.64,-7.48,-0.49,6.99,0.041683296,73.15630807,1.67,5.31,10.6,24.01789,340.27403,364.29193
000000009378892,CC1CC\C=C(/c2cccc(c2)c3c(NC1=O)cnn3C(F)F)\c4ccc(Cl)cn4,Het 00270,pyrazoles-NR,other heterocycles,1.63,-7.49,-0.71,6.77,0.045596226,64.98010377,2.86,9.16,12.6,408.23032,1084.63281,1460.23498
000000018461650,Brc1ccc2oncc2c1,Het 00195,isoxazoles,other heterocycles,1.02,-8.1,-0.71,7.39,0.048300459,-8.76443217,1.66,6.91,6.5,24.49635,179.36849,203.86484
000000004037411,Clc1cccn2cnnc12,Het 00210,"1,2,4-triazolo-pyridines",other heterocycles,1.42,-7.7,-0.74,6.96,0.047092622,50.61696463,1.67,5.51,7.55,44.09619,72.60397,116.70016
000000001569578,Brc1cccc2cn[nH]c12,Het 00322,indazoles-NH,other heterocycles,1.53,-7.59,-0.38,7.21,0.040454159,66.13585169,1.75,5.45,7.9,46.98859,114.21109,161.19969
000000004628271,Cc1cc(C)c2[nH]ncc2c1,Het 00309,indazoles-NH,other heterocycles,1.99,-7.13,-0.03,7.11,0.033153242,71.08219927,1.77,6.5,7.5,45.75359,78.96144,123.6864
000000001203461,Fc1c(Cl)cccc1c2ccn[nH]2,Het 00343,pyrazoles-NH,other heterocycles,1.38,-7.74,-0.59,7.15,0.044572354,73.40147623,1.66,6.55,9.2,53.73373,186.55036,240.28409
000000005643835,Cc1cc(Br)c2cn[nH]c2c1,Het 00307,indazoles-NH,other heterocycles,1.67,-7.45,-0.35,7.1,0.039333219,69.0321241,1.68,5.7,7.25,77.6045,125.25002,202.33891
000000026170779,Cc1ccc(cc1)S(=O)(=O)n2nccc2c3cccc(Cl)c3F,Het 00291,pyrazoles-Ts,other heterocycles,1.05,-8.07,-0.69,7.38,0.047797992,63.66452906,2.94,8.96,9,176.33565,642.80773,800.37698
000000026170859,Cc1ccc(cc1)S(=O)(=O)n2ncc(C)c2C(F)(F)F,Het 00277,pyrazoles-Ts,other heterocycles,0.57,-8.55,-0.81,7.75,0.051929952,62.78952911,2.43,8.62,7.25,114.29415,460.98317,538.41647
000000011156647,Cc1cc2cn[nH]c2cc1Br,Het 00329,indazoles-NH,other heterocycles,1.58,-7.54,-0.3,7.25,0.039001379,68.07655187,1.67,6.5,7.65,41.3275,180.7487,221.56059
000000003739549,CCOC(=O)c1nocn1,Het 00172,"1,2,4-oxadiazoles",other heterocycles,-1.08,-10.2,-0.67,9.52,0.057018437,44.81852123,1.68,6.26,7.2,21.86204,125.6705,146.47151
000000001894329,Brc1cccc(c1)c2ocnn2,Het 00164,"1,3,4-oxadiazoles",other heterocycles,0.91,-8.21,-0.9,7.31,0.052195284,47.29969577,1.66,7.8,8.55,49.9276,265.40856,315.33616
000000026170860,Cc1c(Cl)nc(Cl)c2ncnn12,Het 00220,"1,2,4-triazolo-pyrazines",other heterocycles,0.95,-8.17,-1.17,7,0.057225584,58.41051333,1.84,4.7,8.55,85.40046,132.32894,217.21614
000000026170861,Cc1ccc(cc1)S(=O)(=O)n2cnc(n2)c3ccncc3,Het 00226,"1,2,4-triazoles-Ts",other heterocycles,0.54,-8.58,-1,7.58,0.055651804,46.98612902,2.11,8.88,8.85,88.69299,731.18609,802.15733
000000005875890,COC(=O)c1cccc(c1)n2nncc2CCOC3CCCCO3,Het 00236,"1,2,3-triazoles",other heterocycles,0.76,-8.36,-0.77,7.59,0.050370126,68.21284704,2.05,9.03,9.1,263.34271,760.56539,989.21041
000000001931772,Brc1cc(I)cc2c1cnn2S(=O)(=O)c3ccccc3,Het 00242,indazoles-NR,other heterocycles,1.25,-7.87,-0.98,6.89,0.052125124,56.94226543,2.04,7.62,7.9,350.97735,855.70102,1189.40508
000000002420729,Brc1ccc2cnoc2n1,Het 00197,isoxazoles,other heterocycles,0.57,-8.55,-1.12,7.44,0.057766153,-18.23299331,1.67,5.3,7.9,24.72063,176.0897,200.81033
000000005155510,Brc1ccc(cc1)c2csnn2,Het 00240,"1,2,3-triazoles",other heterocycles,1.39,-7.73,-0.96,6.77,0.051297316,42.20544409,1.78,8.9,5,25.62935,419.93117,445.56053
000000002412894,CCOC(=O)c1ccn(n1)c2ccccc2F,Het 00256,pyrazoles-NR,other heterocycles,0.99,-8.13,-0.32,7.81,0.041976702,57.31588489,2.19,7.15,10,53.73443,434.82223,487.49586
000000002871866,Cc1ccc(cc1)c2ccn[nH]2,Het 00341,pyrazoles-NH,other heterocycles,1.81,-7.31,-0.15,7.16,0.035765233,74.78852433,1.68,5.3,10.2,24.54952,168.8225,192.857
000000001913984,BrCc1ccc(cc1)c2ocnn2,Het 00166,"1,3,4-oxadiazoles",other heterocycles,1.02,-8.1,-1,7.1,0.053540785,48.05044873,1.69,7.37,9.55,34.79308,404.9761,439.23992
000000005203317,COC(=O)c1oncc1,Het 00184,isoxazoles,other heterocycles,-0.14,-9.26,-0.75,8.51,0.054155029,-7.62361899,1.69,5.1,7.55,17.90883,82.82997,100.20905
000000026170742,Cc1ccc(cc1)S(=O)(=O)n2ncc3cc(OCc4ccccc4)ccc23,Het 00376,indazoles-Ts,other heterocycles,1.71,-7.42,-0.66,6.75,0.04442671,60.02101775,3.29,8.71,6.95,110.27734,1554.30439,1646.14453
000000005644979,Fc1ccc(Br)c2cn[nH]c12,Het 00313,indazoles-NH,other heterocycles,1.54,-7.58,-0.36,7.22,0.040194042,65.57033968,1.67,5.45,7.05,53.79682,158.30426,212.10109
000000018459706,Cc1cc(Br)c2ncnn2c1,Het 00215,"1,2,4-triazolo-pyridines",other heterocycles,1.38,-7.75,-0.66,7.09,0.045763956,65.12210929,1.91,4.96,8.6,76.48569,123.57729,199.54749
000000026170747,Cc1ccc(cc1)S(=O)(=O)n2ncc3cc(F)c(F)cc23,Het 00370,indazoles-Ts,other heterocycles,1.07,-8.05,-0.75,7.3,0.048813972,56.8898056,1.92,8.76,7,96.69454,628.64544,707.53269
000000026170812,Cc1ccc(cc1)S(=O)(=O)n2cnc(n2)C(C)(C)C,Het 00224,"1,2,4-triazoles-Ts",other heterocycles,0.43,-8.69,-0.76,7.93,0.051743862,50.92959011,3.02,8.86,7.6,92.41084,532.86232,589.39473
000000001306728,[O-][N+](=O)c1ccc(cc1)c2ccn[nH]2,Het 00338,pyrazoles-NH,other heterocycles,1.21,-7.91,-1.71,6.2,0.068602006,70.90699847,1.65,5.71,10.85,31.20549,271.62596,302.83145
000000001980740,C[Si](C)(C)CCOCn1ncc2c3CCC(=O)c3c(Cl)cc12,Het 00243,indazoles-NR,other heterocycles,1.41,-7.71,-0.51,7.19,0.04317102,70.64846435,2.07,9.05,4.65,136.51225,1153.36285,1261.03584
000000006347024,Brc1ccc(s1)c2oncc2,Het 00183,isoxazoles,other heterocycles,1.58,-7.54,-0.96,6.58,0.050414494,-8.222577285,1.67,5.65,9.6,26.04616,296.81581,322.86197
000000001173175,Cc1[nH]ncc1c2ccccc2,Het 00344,pyrazoles-NH,other heterocycles,1.82,-7.3,0.29,7.59,0.029737111,75.02635062,1.77,7.4,6.4,37.73101,127.71881,164.94345
000000026170792,Cc1ccc(cc1)S(=O)(=O)n2cnc(n2)c3ccccc3,Het 00229,"1,2,4-triazoles-Ts",other heterocycles,1.16,-7.96,-0.86,7.1,0.050420908,49.01618662,2.11,8.88,8.85,88.84659,726.8372,797.96198
000000002420094,CC(=O)c1cccc(c1)n2cncn2,Het 00202,"1,2,4-triazoles-NR",other heterocycles,0.94,-8.19,-0.94,7.25,0.052800276,51.57856096,1.81,7.31,5.1,53.78236,209.93988,263.20545
000000002412902,CCOC(=O)c1ccn(n1)c2ccc(OC)cc2,Het 00255,pyrazoles-NR,other heterocycles,1.82,-7.3,-0.2,7.1,0.036430204,58.69458711,1.96,9.37,10,42.0065,641.2964,681.71337
000000014490975,Cc1cc(Cl)ccc1c2ocnn2,Het 00163,"1,3,4-oxadiazoles",other heterocycles,1.11,-8.01,-0.8,7.22,0.049410088,47.98286591,1.94,7,8.75,38.1698,235.90842,273.56308
000000001471161,CCOC(=O)c1cn[nH]c1C(F)(F)F,Het 00345,pyrazoles-NH,other heterocycles,-0.07,-9.19,-0.19,9,0.04492517,64.92237285,1.9,6.25,6.95,74.17864,194.58466,249.10658
000000001221523,C(Oc1ccc2[nH]ncc2c1)c3ccccc3,Het 00325,indazoles-NH,other heterocycles,1.99,-7.13,-0.05,7.09,0.033424429,69.63980478,1.78,11.65,6.5,40.03801,485.81081,525.3189
000000001890048,CCOC(=O)c1ccn(n1)c2cccnc2,Het 00252,pyrazoles-NR,other heterocycles,1.07,-8.05,-0.58,7.47,0.045718159,55.11934888,1.93,7.21,10,38.994,427.67345,465.60659
000000011156698,Brc1cn2cnnc2cn1,Het 00212,"1,2,4-triazolo-pyrazines",other heterocycles,0.99,-8.14,-1.24,6.89,0.058622542,46.44935697,1.66,7,6.3,24.12915,174.81663,198.94579
000000026170784,Clc1cn2ncnc2c(Cl)n1,Het 00218,"1,2,4-triazolo-pyrazines",other heterocycles,0.74,-8.38,-1.33,7.05,0.061510279,57.30998629,1.7,4.7,8.55,72.04231,121.50737,193.54969
000000002038410,Fc1cc(F)c(cc1Cl)S(=O)(=O)Nc2ncns2,Het 00177,"1,2,4-thiadiazoles",other heterocycles,0.54,-8.58,-0.85,7.73,0.052870622,4.760228109,1.96,8.25,6.5,92.50924,588.35573,663.47621
000000006600813,Ic1ccc(cc1)c2oncc2,Het 00182,isoxazoles,other heterocycles,1.51,-7.61,-0.79,6.82,0.047496575,-4.759977105,1.68,5.06,11.1,23.59014,434.97961,458.56976
000000018461166,CC(=O)c1ccns1,Het 00198,isothiazoles,other heterocycles,0.34,-8.78,-1.32,7.46,0.06278613,63.85422533,1.82,4.82,7.05,23.10068,58.32929,80.91331
000000007201863,COC(=O)c1cccc2[nH]ncc12,Het 00316,indazoles-NH,other heterocycles,1.4,-7.72,-0.91,6.81,0.050268421,74.88672964,1.67,7.3,6.5,52.29805,141.40605,193.17449
000000005875262,C1CN(CCN1)c2nocn2,Het 00170,"1,2,4-oxadiazoles",other heterocycles,1.55,-7.57,0.61,8.18,0.027165363,50.99930648,2.02,5.33,8.7,27.90221,129.25832,151.51297
000000026170879,Cc1ccc(cc1)S(=O)(=O)n2ncc3cc(Br)ccc23,Het 00348,indazoles-Ts,other heterocycles,1.29,-7.83,-0.79,7.04,0.048439278,57.83866347,2.01,8.65,6.95,83.81077,931.96939,997.92375
000000005644197,CCn1cnc(n1)c2cccc(Br)c2,Het 00206,"1,2,4-triazoles-NR",other heterocycles,1.34,-7.78,-0.29,7.49,0.039974201,55.58194925,1.87,5.59,10.25,71.40885,407.86635,478.21915
000000018473829,Clc1ncc(Br)cc1c2ncsn2,Het 00175,"1,2,4-thiadiazoles",other heterocycles,0.87,-8.25,-1.24,7.01,0.058947649,46.4545653,1.78,7.76,8.05,93.49273,355.61588,449.10861
000000026170789,Cc1ccc(cc1)S(=O)(=O)n2ncc3c(Br)ccc(F)c23,Het 00363,indazoles-Ts,other heterocycles,1.38,-7.74,-0.71,7.03,0.046652488,57.46140445,2.43,9.04,7.05,167.84754,754.9756,905.08082
000000001003755,Brc1cccc(c1)n2cncn2,Het 00201,"1,2,4-triazoles-NR",other heterocycles,0.98,-8.14,-0.44,7.7,0.043877399,51.95287067,1.79,7.27,5.1,50.26181,260.66685,310.92866
000000001122325,COc1ccc(CNc2ncns2)c(OC)c1,Het 00176,"1,2,4-thiadiazoles",other heterocycles,1.83,-7.29,0.44,7.74,0.027871246,13.00137969,1.74,9.97,8.75,102.09691,480.1134,580.62405
000000002968185,Clc1ccccc1c2ccn[nH]2,Het 00335,pyrazoles-NH,other heterocycles,1.47,-7.65,-0.48,7.18,0.042324712,73.94810019,1.66,5.45,9.4,57.1787,119.36615,176.54486
000000018460426,Fc1ccc2[nH]ncc2c1,Het 00328,indazoles-NH,other heterocycles,1.57,-7.55,-0.27,7.28,0.038567472,68.16678781,1.65,6.05,6.5,23.65221,82.78874,106.44095
000000026170873,Cc1ccc(cc1)S(=O)(=O)n2cnc(n2)C3CCNCC3,Het 00228,"1,2,4-triazoles-Ts",other heterocycles,1.28,-7.84,-0.77,7.07,0.048084342,51.16785566,3.01,9.02,7.7,100.69381,775.14846,825.18394
000000026170750,Cc1ccc(cc1)S(=O)(=O)n2ncc3cccc(C)c23,Het 00364,indazoles-Ts,other heterocycles,1.54,-7.59,-0.58,7,0.04380129,60.73123356,2.41,9.01,7.65,98.26836,455.60561,535.62887
000000002420114,O=C(NCCc1ccc(cc1)c2ocnn2)OCc3ccccc3,Het 00167,"1,3,4-oxadiazoles",other heterocycles,1.15,-7.97,-0.65,7.32,0.046564883,48.8642037,1.68,12.25,9.45,63.92833,1713.64029,1775.98034
000000002412938,CCOC(=O)c1ccnn1c2cccnc2,Het 00263,pyrazoles-NR,other heterocycles,0.93,-8.19,-0.66,7.54,0.047772417,67.73004085,2.43,6.46,7.8,100.03947,223.33636,322.31503
000000002223621,N#Cc1ccc2[nH]ncc2c1,Het 00326,indazoles-NH,other heterocycles,1.2,-7.92,-0.67,7.25,0.046765656,63.83094471,1.65,7.4,6.5,24.47047,112.42105,136.89144
000000007199860,C[Si](C)(C)CCOCn1cc(nn1)c2ccnc(Cl)n2,Het 00235,"1,2,3-triazoles",other heterocycles,0.67,-8.45,-0.98,7.47,0.054715862,65.48606509,2.1,8.74,8.85,104.91394,1174.80344,1251.9697
000000018461020,Brc1ccc2cnoc2c1,Het 00194,isoxazoles,other heterocycles,0.88,-8.25,-0.71,7.53,0.048954261,-9.999560103,1.67,5.4,7.75,25.04136,177.50865,202.55002
000000026170793,Cc1ccc(cc1)S(=O)(=O)n2ncc3c(Br)cc(C)cc23,Het 00358,indazoles-Ts,other heterocycles,1.35,-7.77,-0.73,7.04,0.04724773,59.89156243,2.06,8.77,7.5,171.02181,780.40309,933.13233
000000026170817,Cc1ccc(cc1)S(=O)(=O)n2nccc2c3ccc(Br)cc3,Het 00276,pyrazoles-Ts,other heterocycles,1.36,-7.76,-0.66,7.1,0.045946236,64.98951642,2.89,8.89,10.35,162.36967,926.21027,1070.74066
000000026170821,Cc1ccc(cc1)S(=O)(=O)n2cnc(n2)c3ccc(cc3)C(C)(C)C,Het 00225,"1,2,4-triazoles-Ts",other heterocycles,1.41,-7.72,-0.84,6.88,0.048874254,49.62600084,2.87,8.88,11.25,107.24698,1302.99451,1374.14732
000000026170820,C[Si](C)(C)CCOCn1ncc2cc(Br)cc(Cl)c12,Het 00247,indazoles-NR,other heterocycles,1.56,-7.56,-0.57,6.99,0.043415497,75.91314775,2.44,8.29,8.35,104.05871,1248.77799,1325.0974
000000001886159,Brc1ccc(Br)c2[nH]ncc12,Het 00321,indazoles-NH,other heterocycles,1.49,-7.63,-0.66,6.96,0.045329365,64.86344966,1.75,5.45,7.95,59.15473,304.16028,363.31502
000000016923153,Clc1cc(ccn1)c2ocnn2,Het 00162,"1,3,4-oxadiazoles",other heterocycles,0.31,-8.81,-1.31,7.5,0.062755003,44.38848863,1.66,6.25,9.8,42.81431,187.38879,230.20311
000000001891039,CCOC(=O)c1ccnn1c2ccc(cc2)C(F)(F)F,Het 00264,pyrazoles-NR,other heterocycles,0.87,-8.25,-0.77,7.48,0.049936574,66.91992544,2.4,7.62,9.45,152.74037,487.70293,620.78533
000000008016039,Clc1cc2cnn(c3cnn(c3)C4CC4)c2cc1Br,Het 00249,indazoles-NR,other heterocycles,1.82,-7.3,-0.67,6.63,0.043966841,62.45393677,2.19,6.75,10.1,185.28592,573.1974,751.97327
000000002255170,Brc1ccc2ncnn2c1,Het 00216,"1,2,4-triazolo-pyridines",other heterocycles,1.09,-8.03,-0.69,7.33,0.047640285,63.72169522,1.74,3.76,8.75,24.20491,175.41025,199.61517
000000007199790,CCOC(=O)c1cn(nn1)C(CC)c2ccc(Cl)nc2,Het 00234,"1,2,3-triazoles",other heterocycles,0.63,-8.49,-0.35,8.14,0.044182892,48.9899567,2.3,9.02,4.8,208.71368,545.8207,713.76479
000000002414046,Brc1ccc(CCn2cnnc2)cc1,Het 00208,"1,2,4-triazoles-NR",other heterocycles,1.05,-8.07,0.09,8.16,0.035840663,56.12192161,1.69,10.75,5.05,28.81858,597.6441,625.40557
000000002532138,c1ccc2[nH]ncc2c1,Het 00300,indazoles-NH,other heterocycles,1.61,-7.51,-0.08,7.42,0.035666364,69.60002065,1.65,5.45,6.5,21.47396,49.33282,70.80678
000000018460474,Fc1cc2cn[nH]c2cc1F,Het 00320,indazoles-NH,other heterocycles,1.37,-7.75,-0.29,7.46,0.03984085,66.39175027,1.65,6.05,6.8,33.53121,102.69139,136.22261
000000026170855,Cc1ccc(cc1)S(=O)(=O)n2ncc3ccccc23,Het 00352,indazoles-Ts,other heterocycles,1.27,-7.85,-0.66,7.19,0.046319464,59.95061112,1.87,8.76,6.95,83.3448,439.93328,505.55469
000000026170769,Cc1ccc(cc1)S(=O)(=O)n2cnc(n2)S(=O)(=O)C,Het 00221,"1,2,4-triazoles-Ts",other heterocycles,0.22,-8.9,-1.02,7.88,0.05737653,42.38710823,2.74,8.89,7.25,93.79537,629.69278,685.57779
000000005644055,Fc1ccc2[nH]ncc2c1Br,Het 00312,indazoles-NH,other heterocycles,1.51,-7.61,-0.52,7.09,0.042755786,67.02641388,1.67,6.05,6.5,65.68364,123.15117,188.83482
000000026170866,CCOC(=O)c1nocc1c2ccnn2C(=O)c3ccccc3,Het 00259,pyrazoles-NR,other heterocycles,0.86,-8.26,-1.12,7.14,0.056585088,49.63541349,1.86,8.61,9.95,254.16088,341.28884,574.49179
000000026170846,Cc1ccc(cc1)S(=O)(=O)n2ncc3cc(C)c(Br)cc23,Het 00380,indazoles-Ts,other heterocycles,1.26,-7.86,-0.75,7.11,0.047983288,58.02120613,2.07,8.66,7.6,127.22761,840.38081,949.24499
000000002290759,CCOC(=O)c1cn(nn1)C(CC)c2ccc(F)cc2,Het 00233,"1,2,3-triazoles",other heterocycles,0.84,-8.28,0.1,8.39,0.036636417,50.66377688,3.17,8.43,4.8,186.70677,471.08219,616.93778
000000001450447,Clc1ccc2nncn2n1,Het 00213,"1,2,4-triazolo-pyridazines",other heterocycles,0.67,-8.45,-1.34,7.11,0.061881098,49.82021519,1.66,6.66,6.3,23.59871,112.81122,136.40993
000000002869570,CC(=O)c1onc(c1)c2ccc(Cl)cc2Cl,Het 00190,isoxazoles,other heterocycles,0.91,-8.22,-1.2,7.02,0.057995311,52.30490378,1.89,8.56,5.95,69.80616,426.89112,496.1805
000000002271027,CCOC(=O)c1csnn1,Het 00239,"1,2,3-triazoles",other heterocycles,-0.18,-9.3,-1.03,8.27,0.059220026,41.35799183,1.84,5.96,5,26.50079,151.9378,177.37773
000000009326832,C(N=C(c1ccccc1)c2ccccc2)c3ncccc3n4ncc5ccccc45,Het 00248,indazoles-NR,other heterocycles,1.8,-7.33,-0.58,6.75,0.042552567,66.58182305,2.51,7.81,7.8,379.31609,750.049,1128.8527
000000001220151,CC(=O)c1cnn(c1C)c2ccccc2,Het 00269,pyrazoles-NR,other heterocycles,1.14,-7.98,-0.25,7.73,0.040171007,67.79498813,2.28,6.14,8.05,48.92684,251.79513,299.69981
000000026170864,Cc1ccc(cc1)S(=O)(=O)n2nccc2c3ccc(cc3)[N+](=O)[O-],Het 00285,pyrazoles-Ts,other heterocycles,0.85,-8.27,-1.65,6.62,0.068176165,60.85949661,2.91,8.89,10.5,159.46106,760.55523,902.1762
000000002305996,Cc1ccc(cc1)S(=O)(=O)n2ncc3cccc(Br)c23,Het 00373,indazoles-Ts,other heterocycles,1.45,-7.67,-0.62,7.05,0.044849484,58.15806606,2.43,8.93,8,151.70478,508.48936,642.45601
000000004876926,CCOC(=O)c1cn(Cc2ccccc2)nn1,Het 00237,"1,2,3-triazoles",other heterocycles,0.69,-8.43,0.13,8.56,0.037040038,51.3523436,1.87,7.44,4.8,114.87817,361.62612,474.95082
000000002903264,Cc1ccc(cc1)S(=O)(=O)n2nccc2c3cccs3,Het 00283,pyrazoles-Ts,other heterocycles,1.59,-7.53,-0.64,6.89,0.044497362,65.66145413,2.56,9.03,8.8,113.18807,467.85705,563.26137
000000026170871,COC(=O)c1cccc2c1cnn2S(=O)(=O)c3ccc(C)cc3,Het 00366,indazoles-Ts,other heterocycles,1.09,-8.03,-1.12,6.91,0.055655983,63.99058325,2.09,8.72,7,140.03159,750.40922,872.16133
000000001912155,BrCc1cccc(c1)c2ocnn2,Het 00165,"1,3,4-oxadiazoles",other heterocycles,0.92,-8.2,-0.82,7.39,0.050601387,48.01417865,1.69,8.41,8.55,37.72474,388.82767,426.02314
000000026170760,Cc1ccc(cc1)S(=O)(=O)n2ncc3cc(C)cc(C)c23,Het 00360,indazoles-Ts,other heterocycles,1.65,-7.47,-0.57,6.9,0.043012179,61.55164014,2.65,9.01,7.65,99.9446,551.39946,632.54132
000000001511615,Clc1ncccc1C(=O)Nc2ccc(cc2)n3cncn3,Het 00205,"1,2,4-triazoles-NR",other heterocycles,1.62,-7.5,-0.96,6.54,0.050309968,54.10717525,1.74,13.43,5.1,84.95264,850.48753,935.44018
000000002413040,Clc1cccc2[nH]ncc12,Het 00304,indazoles-NH,other heterocycles,1.55,-7.58,-0.33,7.25,0.039622563,67.52239779,1.66,5.45,6.5,44.53066,74.48924,119.01991
000000026170802,Cc1ccc(cc1)S(=O)(=O)n2nccc2c3ccc(F)cc3,Het 00287,pyrazoles-Ts,other heterocycles,1.33,-7.79,-0.64,7.16,0.04562793,65.9326012,2.88,8.92,9.5,133.11958,590.41662,705.71766
000000026170822,Cc1ccc(cc1)S(=O)(=O)n2ncc3cc(Br)cc(I)c23,Het 00367,indazoles-Ts,other heterocycles,1.5,-7.63,-0.73,6.9,0.046496982,56.24792562,2.62,8.97,8.35,230.79597,940.49506,1153.43115
000000002411271,Clc1nn2cnnc2c3ccccc13,Het 00214,"1,2,4-triazolo-pyridazines",other heterocycles,0.9,-8.22,-1.29,6.93,0.059900478,50.53300379,1.66,6.7,8.6,93.98313,132.75119,226.73432
000000003158142,c1ccc(cc1)c2cc[nH]n2,Het 00334,pyrazoles-NH,other heterocycles,1.64,-7.48,0.07,7.55,0.033404771,61.8726115,1.65,5.06,9.25,23.54706,121.11425,144.66131
000000026170763,Cc1ccc(cc1)S(=O)(=O)n2ncc(C)c2c3ccc(Br)cc3,Het 00284,pyrazoles-Ts,other heterocycles,1.46,-7.66,-0.62,7.04,0.044762631,65.80345964,3.01,8.89,10.35,206.01017,935.43818,1123.0811
000000001889547,CCOC(=O)c1ccnn1c2ccccc2C(F)(F)F,Het 00262,pyrazoles-NR,other heterocycles,0.5,-8.62,-0.4,8.22,0.045465025,69.03789719,2.57,6.34,7.7,148.30501,320.63945,446.86276
000000001914854,ClS(=O)(=O)c1ccc(s1)c2ccon2,Het 00187,isoxazoles,other heterocycles,0.62,-8.5,-1.77,6.73,0.072122198,51.37631448,2.16,4.24,10.9,57.65867,367.07465,394.3034
000000018460262,Cc1cc2[nH]ncc2cc1[N+](=O)[O-],Het 00301,indazoles-NH,other heterocycles,1.27,-7.85,-0.71,7.14,0.0472128,65.29511379,1.74,6.88,7.55,45.08633,149.37729,193.94796
000000001117225,Brc1ccc2[nH]ncc2c1,Het 00296,indazoles-NH,other heterocycles,1.57,-7.55,-0.35,7.19,0.039881117,67.03971709,1.66,6.96,6.5,24.84568,178.63904,203.48473
000000003825831,CN1CCN(CC1)c2ccc(cc2)c3ccn[nH]3,Het 00340,pyrazoles-NH,other heterocycles,2.48,-6.64,0.11,6.75,0.028981554,75.62342638,1.91,6.74,14.15,46.0327,566.80602,602.95729
000000001250950,c1csc(c1)c2ccn[nH]2,Het 00337,pyrazoles-NH,other heterocycles,1.84,-7.28,-0.37,6.91,0.038867411,73.6034717,1.66,4.7,9,24.41999,107.85515,132.27515
000000009592460,[O-][N+](=O)c1cc2cn[nH]c2cc1F,Het 00305,indazoles-NH,other heterocycles,0.98,-8.15,-1.38,6.76,0.061652055,60.95023455,1.67,6.9,6.85,46.60076,150.22266,196.82342
000000001894487,Brc1cccc(c1)c2nocn2,Het 00169,"1,2,4-oxadiazoles",other heterocycles,0.92,-8.21,-0.76,7.45,0.049590594,46.40524301,1.66,6.9,8.85,49.92528,268.76972,318.69501
000000001457045,o1ncc2ccccc12,Het 00192,isoxazoles,other heterocycles,0.87,-8.25,-0.45,7.81,0.044513886,-5.560930869,1.65,5.4,6.5,21.05985,49.2362,70.29606
000000002413459,CC(=O)Cn1ncc2CCCc12,Het 00274,pyrazoles-NR,other heterocycles,1.41,-7.71,0.55,8.26,0.028525261,43.83904087,2.03,6.64,4.95,36.24557,158.3718,191.94557
000000015924714,CCOC(=O)c1sc(nc1C(F)(F)F)c2nocn2,Het 00173,"1,2,4-oxadiazoles",azoles,0.2,-8.92,-1.84,7.08,0.07509956,40.82423183,1.93,9.55,10.05,174.04968,405.14818,559.53983
000000001891179,CCOC(=O)c1ccnn1c2cccc(OC)c2,Het 00265,pyrazoles-NR,other heterocycles,1.56,-7.56,-0.52,7.04,0.042579794,69.53639113,2.43,6.48,9.15,159.94855,261.7137,420.07307
000000001916163,Brc1ccc(cc1)c2nocn2,Het 00171,"1,2,4-oxadiazoles",other heterocycles,1.04,-8.09,-0.75,7.33,0.048916425,46.20142777,1.67,5.36,10.25,22.90535,347.65093,370.55629
000000018460451,FC(F)(F)c1cccc2[nH]ncc12,Het 00310,indazoles-NH,other heterocycles,1.22,-7.9,-0.59,7.31,0.045260918,67.43191085,1.83,5.91,6.5,63.31978,122.43431,167.15635
000000009680881,[O-][N+](=O)c1cc2cnn(C3CCCCO3)c2cc1F,Het 00246,indazoles-NR,other heterocycles,1.08,-8.04,-1.35,6.69,0.060612889,70.78432027,3.07,8.86,4.45,86.56791,478.35423,531.8132
000000026170823,Cc1ccc(cc1)S(=O)(=O)n2ccc(n2)c3ccccc3,Het 00280,pyrazoles-Ts,other heterocycles,1.38,-7.74,-0.72,7.02,0.046908075,55.81281018,2.01,8.94,9.3,88.90327,728.26056,799.43808
000000001589040,Fc1ccc(cc1)c2ccn[nH]2,Het 00339,pyrazoles-NH,other heterocycles,1.66,-7.46,-0.19,7.27,0.036978126,74.41584614,1.65,5.35,9.7,24.01294,177.69757,201.71051
000000009378837,Fc1ccc(cc1Cl)n2cc(nn2)C(F)(F)F,Het 00231,"1,2,3-triazoles",other heterocycles,0.7,-8.42,-0.64,7.79,0.048415369,41.31663892,2.47,7.83,4.8,70.28375,540.77298,592.45508
000000007891132,Brc1cc(I)c2[nH]ncc2c1,Het 00317,indazoles-NH,other heterocycles,1.6,-7.52,-0.58,6.94,0.043463209,64.48198633,1.87,6.96,8.25,119.37865,304.09711,423.47576
000000026170787,Cc1ccc(cc1)S(=O)(=O)n2ncc3ccc(cc23)C(F)(F)F,Het 00369,indazoles-Ts,other heterocycles,1.01,-8.11,-0.88,7.23,0.051341746,56.94785027,2.32,8.79,8.05,130.68469,759.56736,853.82893
000000004209550,CN(C)C(=O)c1ccccc1n2cc(nn2)C3CCNCC3,Het 00232,"1,2,3-triazoles",other heterocycles,1.28,-7.84,-0.34,7.5,0.040973806,53.44973302,2.85,7.26,6.4,134.66463,670.20195,770.75935
000000003655813,[O-][N+](=O)c1cccc2[nH]ncc12,Het 00306,indazoles-NH,other heterocycles,1.05,-8.07,-1.71,6.36,0.069031713,69.97771892,1.65,5.91,6.5,52.06217,92.0473,144.10948
000000026170796,Cc1ccc(cc1)S(=O)(=O)n2nccc2c3occc3,Het 00282,pyrazoles-Ts,other heterocycles,1.62,-7.5,-0.61,6.88,0.043875494,63.54429814,2.74,9.02,8.4,104.11262,447.74713,534.07845
000000026170790,CCc1cc(Br)cc2[nH]ncc12,Het 00318,indazoles-NH,other heterocycles,1.6,-7.52,-0.29,7.23,0.038772547,68.2136628,1.65,5.57,7.65,82.86471,187.21359,269.02137
000000003872698,CC(=O)Nc1ccc(cc1)n2cnnc2,Het 00209,"1,2,4-triazoles-NR",other heterocycles,1.54,-7.59,-0.12,7.47,0.036462589,55.48167316,1.79,10.26,5.05,36.04204,349.73008,385.2527
000000026170840,Cc1ccc(cc1)S(=O)(=O)n2ncc3cc(ccc23)C#N,Het 00377,indazoles-Ts,other heterocycles,0.95,-8.17,-0.86,7.31,0.05131505,55.22746885,1.99,8.68,7,83.69233,638.32791,704.20635
000000002401845,COC(=O)c1ccc2cn[nH]c2c1,Het 00298,indazoles-NH,other heterocycles,1.43,-7.7,-0.77,6.93,0.047480636,67.20864279,1.67,6.25,9.75,32.70803,196.66425,228.84266
000000018460684,CC(=O)Oc1ccc(Cl)cc1c2ccnn2c3ccccc3,Het 00268,pyrazoles-NR,other heterocycles,1.31,-7.81,-0.45,7.36,0.042622939,70.49064559,3.76,6.22,9.6,228.69794,442.08203,670.26748
000000002412985,CCOC(=O)c1ccn(n1)c2ccccc2C(F)(F)F,Het 00253,pyrazoles-NR,other heterocycles,0.78,-8.34,-0.51,7.83,0.045999606,56.62185883,2.17,7.14,10,108.57274,465.42432,554.33884
000000002038452,C=CCCC(=O)c1ccon1,Het 00188,isoxazoles,other heterocycles,0.49,-8.63,-0.72,7.91,0.050801013,54.31437905,1.7,5.22,9.2,22.52632,183.40918,204.87548
000000026170761,Cc1ccc(cc1)S(=O)(=O)n2ncc3cc(F)ccc23,Het 00379,indazoles-Ts,other heterocycles,1.25,-7.87,-0.76,7.11,0.048167462,58.27183362,1.88,8.64,6.95,83.59364,560.47231,626.28985
000000002413268,Clc1cc(Br)cc2cn[nH]c12,Het 00324,indazoles-NH,other heterocycles,1.47,-7.65,-0.6,7.04,0.044381373,63.86558326,1.68,6.96,7.7,72.40078,202.51373,274.91451
000000018461266,Fc1cccc(F)c1c2oncc2,Het 00180,isoxazoles,other heterocycles,1.11,-8.01,-0.78,7.23,0.049150597,-1.199046108,1.65,5.15,9.25,60.14046,120.00495,180.14541
000000026170869,Cc1ccc(cc1)S(=O)(=O)n2ncc3c(Oc4cc(cc(C#N)c4C)C(F)F)c(Br)ccc23,Het 00378,indazoles-Ts,other heterocycles,1.21,-7.91,-0.95,6.97,0.051798847,53.91158039,2.2,8.66,7,354.73552,2013.29332,2340.39756
000000002182429,Brc1ccc(cc1)c2ocnn2,Het 00179,"1,3,4-oxadiazoles",other heterocycles,1.07,-8.05,-0.89,7.16,0.051299645,47.48336795,1.66,6.85,9.25,23.17871,343.53169,366.7104
000000026170807,Cc1ccc(cc1)S(=O)(=O)n2ncc3c(cccc23)[N+](=O)[O-],Het 00357,indazoles-Ts,other heterocycles,0.82,-8.3,-1.87,6.44,0.073810412,58.9828652,1.97,8.67,7,128.32434,636.53309,747.11539
000000005644859,CCOC(=O)c1cnn(c2cncc(Cl)n2)c1C(F)(F)F,Het 00272,pyrazoles-NR,other heterocycles,0.54,-8.58,-1.36,7.22,0.062762531,58.61815639,2.46,6.11,9.25,128.51685,599.43062,708.2762
000000026170754,Cc1ccc(cc1)S(=O)(=O)n2nccc2c3c(C)onc3c4ccc(Br)cc4,Het 00293,pyrazoles-Ts,other heterocycles,1.13,-7.99,-0.74,7.25,0.048252441,63.86966208,3.27,9.16,8.8,479.67156,695.95249,1138.83819
000000026170849,COC(=O)c1ccnn1S(=O)(=O)c2ccc(C)cc2,Het 00286,pyrazoles-Ts,other heterocycles,0.46,-8.66,-0.62,8.04,0.049243843,64.43686837,2.52,8.98,7.35,93.82786,436.96429,512.4788
000000001890296,CCOC(=O)c1ccn(n1)c2cccc(c2)C(F)(F)F,Het 00254,pyrazoles-NR,other heterocycles,1.03,-8.09,-0.65,7.44,0.047086419,55.19094777,2.16,7.22,10,110.44429,676.56866,767.3561
000000026170818,Cc1ccc(cc1)S(=O)(=O)n2ncc3cc(OC(F)(F)F)ccc23,Het 00359,indazoles-Ts,other heterocycles,1.21,-7.92,-0.78,7.13,0.048736169,57.59644461,2.24,8.66,6.95,114.70194,1030.39411,1108.27743
000000018461321,COC(=O)c1ccns1,Het 00199,isothiazoles,other heterocycles,0.3,-8.82,-1.09,7.73,0.058419306,63.82667764,1.82,5.91,7.05,23.34864,94.28534,117.1043
000000002419402,Brc1nccn2cnnc12,Het 00211,"1,2,4-triazolo-pyrazines",other heterocycles,0.89,-8.23,-1.16,7.07,0.057227837,46.44948247,1.69,5.5,7.75,45.44716,114.7093,160.15646
000000026170759,Cc1ccc(cc1)S(=O)(=O)n2ncc3c(Cl)ccc(Br)c23,Het 00350,indazoles-Ts,other heterocycles,1.43,-7.69,-0.75,6.94,0.047069845,57.05678601,2.43,8.97,8,232.39206,603.85445,818.49323
000000026170746,Cc1ccc(cc1)S(=O)(=O)n2ncc3c(Br)c(F)ccc23,Het 00362,indazoles-Ts,other heterocycles,1.24,-7.88,-0.92,6.96,0.051131547,57.63277744,1.99,8.64,7,143.62318,829.78968,955.63739
000000026170782,Cc1ccc(cc1)S(=O)(=O)n2ncc3c(Br)ccc(Br)c23,Het 00371,indazoles-Ts,other heterocycles,1.44,-7.68,-0.78,6.9,0.047738542,57.59443658,2.49,8.93,8,284.25474,753.2722,1019.76874
000000026170773,Cc1ccc(cc1)S(=O)(=O)n2ncc3cc(Br)cc(Cl)c23,Het 00375,indazoles-Ts,other heterocycles,1.32,-7.8,-0.75,7.05,0.047579982,55.77980316,2.64,8.98,7.75,124.44883,936.74416,1043.33438
000000005875512,CCOC(=O)c1conc1c2ccc(F)cn2,Het 00191,isoxazoles,other heterocycles,0.67,-8.46,-0.45,8,0.045526022,50.0467463,1.84,6.41,9.8,121.24114,288.20083,408.38087
000000002444515,CCOC(=O)c1cc[nH]n1,Het 00332,pyrazoles-NH,other heterocycles,0.44,-8.68,0.25,8.93,0.03656988,60.18737065,1.95,3.71,10,21.95223,126.14198,147.03335
000000026170836,COC(=O)c1ccc2cnn(c2c1)S(=O)(=O)c3ccc(C)cc3,Het 00351,indazoles-Ts,other heterocycles,1.12,-8,-1.08,6.92,0.054664447,57.93423324,2.07,8.68,9.7,122.35938,776.17675,880.15495
000000026170826,COC(=O)c1ncn(n1)S(=O)(=O)c2ccc(C)cc2,Het 00227,"1,2,4-triazoles-Ts",other heterocycles,0.29,-8.83,-0.96,7.87,0.055878576,47.07153313,2.26,8.88,7.1,85.57334,586.92283,654.33355
000000001914270,CC(=O)c1ccc(cc1)n2cnnc2,Het 00207,"1,2,4-triazoles-NR",other heterocycles,0.69,-8.44,-1.07,7.37,0.056294816,52.13371905,1.74,9.11,5.05,31.62988,267.45951,298.57261
000000018459198,[O-][N+](=O)c1cn[nH]c1c2ccncc2,Het 00330,pyrazoles-NH,other heterocycles,0.3,-8.82,-1.49,7.32,0.066683753,60.03300319,1.83,4.86,8.75,67.87096,141.81518,209.68615
000000007966841,CCOC(=O)C(C(C)C)n1ncc2cccc(Br)c12,Het 00251,indazoles-NR,other heterocycles,1.66,-7.46,-0.42,7.04,0.040500699,45.78087056,3.52,7.42,5.1,167.09952,394.16037,513.26683
000000004049910,CCNc1nncs1,Het 00178,"1,3,4-thiadiazoles",other heterocycles,1.57,-7.56,0.43,7.98,0.029238122,54.56889711,1.72,3.29,8.05,17.19249,87.0995,103.2325
000000026170816,Cc1ccc(cc1)S(=O)(=O)n2ncc3cc(Cl)ccc23,Het 00349,indazoles-Ts,other heterocycles,1.26,-7.87,-0.78,7.09,0.048405713,57.57008919,1.98,8.66,6.95,83.68796,676.05498,741.93268
000000002152566,Cc1ccccc1c2oncn2,Het 00174,"1,2,4-oxadiazoles",other heterocycles,0.89,-8.23,-0.83,7.39,0.051023798,55.10623392,1.68,5.76,8.95,37.90683,120.17146,157.56315
000000001139038,C1(C2C=CC=CC=2)SN=NC=1,,"1,2,3-thiadiazoles",other heterocycles,1.05,-8.07,-1.18,6.89,0.057011307,59.41440383,1.71,7.35,5.3,29.16587,134.09028,163.25616
000000001397488,C(C=C(CN1N=CN=C1)C=C2)(C(CCN(C)C)=C[NH]3)=C23,,"1,2,4-triazoles-NR",API,2.2,-6.92,0.33,7.25,0.027539677,71.1659091,1.72,10.15,9.15,206.09489,408.84374,606.12626
000000001894312,N1(C2C=CC(Br)=CC=2)C=NC=N1,,"1,2,4-triazoles-NR",other heterocycles,1.2,-7.93,-0.34,7.59,0.041355462,52.25526774,1.73,8.75,5.1,23.15228,338.66228,361.81457
000000002623826,C1(C2C=CC=CC=2)=NN=CO1,,"1,3,4-oxadiazoles",other heterocycles,0.94,-8.18,-0.58,7.6,0.046439536,48.73474839,1.65,6.3,8.55,23.17037,119.24145,142.41183
000000003601641,C1(C2C(OC)=CC=CC=2)=NN=CO1,,"1,3,4-oxadiazoles",other heterocycles,1.51,-7.61,-0.48,7.13,0.04216291,51.05797866,1.83,6.36,8.85,61.93048,127.20632,188.60819
000000011472744,C1(C)N=C2C(C(C(C)(C)C3=NC=NN3C)OC24CCN(C([C@@H]5CCN(C(C)(C)C)C[C@H]5C6C(F)=C(F)C(F)=CC=6)=O)CC4)=CC=1Cl,,"1,2,4-triazoles-NR",API,1.81,-7.31,-0.28,7.04,0.037610797,68.86501818,2.44,14.29,17.9,671.10139,2750.60391,2991.00248
000000026220793,C1(C(OCC)=O)=NN=CS1,,"1,3,4-thiadiazoles",other heterocycles,-0.34,-9.46,-1.1,8.36,0.061272967,47.16114156,1.95,3.71,10.1,26.48184,141.56587,166.9868
000000026220979,C1(C(F)(F)F)=NN=CO1,,"1,3,4-oxadiazoles",other heterocycles,-1.15,-10.27,-0.04,10.23,0.047769529,40.552771,1.81,4.31,6.7,27.19165,71.00405,79.59083
000000027809993,N1(C2C=C(C(=O)C)C=CC=2)C=NN=C1,,"1,2,4-triazoles-NR",other heterocycles,0.67,-8.45,-0.91,7.54,0.053458644,52.7046904,1.77,7.41,5.05,51.48551,214.49383,265.46591
000000027809994,N1(C2C=CC(OC)=CC=2)C=NC=N1,,"1,2,4-triazoles-NR",other heterocycles,1.7,-7.42,0.17,7.59,0.031826423,67.46115281,1.75,9.01,5.1,27.07829,222.45509,249.00501
000000027809995,C1(C(C)(C)C)=NN=CO1,,"1,3,4-oxadiazoles",other heterocycles,-0.07,-9.19,0.96,10.14,0.030672326,51.47081749,2.01,4.84,7.3,26.86506,66.9975,75.58045
